row_id,pid,condition_id,style,decel,bus,density,wait_ehmi_duration,cross_ehmi_duration,crossing_status,crossing_delay,crossing_time,safety_margin,q1,q2,q3,early_traffic,early_window,success_flag,trial_order_raw,trial_order_c,paired_default_removed,normal_complete,raw_style,raw_delay,raw_status,wait_raw_any,cross_raw_any,wait_ehmi_any,cross_ehmi_any
1,1,0,1,1,0,0,,,1,1.71,2.454729,1.499248,6,,,0,0,1,9,-9.25,0,1,1,1.71,1,0,1,,
2,1,1,2,1,0,0,,0.188561,1,1.03,2.64163,2.16671,7,6,6,0,0,1,2,-16.25,0,1,2,1.03,1,0,1,0,1
3,1,2,3,1,0,0,,,,,,,,,,1,0,,27,8.75,0,0,3,-2.8,1,0,0,,
4,1,3,4,1,0,0,,0,1,1.21,2.611072,1.994346,7,7,7,0,0,1,7,-11.25,0,1,4,1.21,1,0,0,0,0
5,1,4,1,0,0,0,,,0,,,,,,,0,1,0,28,9.75,0,0,1,0,0,1,0,,
6,1,5,2,0,0,0,,0.1771106,1,1.02,2.313264,0.4997147,4,7,5,0,0,1,21,2.75,0,1,2,1.02,1,0,1,0,1
7,1,6,3,0,0,0,0.2203562,0.4370632,1,1.13,2.089295,0.5405532,4,7,6,0,0,1,26,7.75,0,1,3,1.13,1,1,1,1,1
8,1,7,4,0,0,0,,0,1,1.16,1.921391,0.6453773,4,6,7,0,0,1,1,-17.25,0,1,4,1.16,1,0,0,0,0
9,1,8,1,1,1,0,,,1,1.29,2.678346,1.757736,6,,,0,0,1,5,-13.25,0,1,1,1.29,1,0,0,,
10,1,9,2,1,1,0,0,,1,1,2.573777,2.144552,7,6,6,0,0,1,19,0.75,0,1,2,1,1,0,0,0,0
11,1,10,3,1,1,0,,,,,,,,,,1,0,,34,15.75,0,0,3,-4.54,1,0,0,,
12,1,11,4,1,1,0,,,1,0.53,2.653721,2.456413,7,7,7,0,0,1,18,-0.25,0,1,4,0.53,1,0,0,0,0
13,1,12,1,0,1,0,,,0,,,,,,,0,0,0,3,-15.25,0,0,1,5.14,0,1,0,,
14,1,13,2,0,1,0,,0.4872581,1,0.68,2.643162,0.5749243,4,5,7,0,0,1,33,14.75,0,1,2,0.68,1,0,1,0,1
15,1,14,3,0,1,0,,0.239151,1,0.71,2.29106,0.7422582,5,7,6,0,0,1,17,-1.25,0,1,3,0.71,1,0,1,0,1
16,1,15,4,0,1,0,0,0.5158972,1,0.8,2.450037,0.5536965,4,7,6,0,0,1,30,11.75,0,1,4,0.8,1,0,1,0,1
17,1,16,1,1,0,1,,,1,0.09,2.683095,2.920368,7,,,0,0,1,31,12.75,0,1,1,0.09,1,0,0,,
18,1,17,2,1,0,1,,0,1,1.14,2.412604,2.170909,7,7,7,0,0,1,22,3.75,0,1,2,1.14,1,0,0,0,0
19,1,18,3,1,0,1,,0.7146748,1,0.91,3.33275,1.848405,7,7,7,0,0,1,6,-12.25,0,1,3,0.91,1,0,1,0,1
20,1,19,4,1,0,1,0,,1,1.08,2.055128,2.54195,7,7,7,0,0,1,16,-2.25,0,1,4,1.08,1,0,0,0,0
21,1,20,1,0,0,1,,,0,,,,,,,0,0,0,12,-6.25,0,0,1,4.6,0,1,0,,
22,1,21,2,0,0,1,,0.1117624,1,1,2.12117,0.600519,4,6,6,0,0,1,20,1.75,0,1,2,1,1,0,1,0,1
23,1,22,3,0,0,1,0.0666254,0.1367813,1,1.31,1.855994,0.5423447,6,7,7,0,0,1,15,-3.25,0,1,3,1.31,1,1,1,1,1
24,1,23,4,0,0,1,,0.0658097,1,1.3,2.050561,0.4516347,6,7,7,0,0,1,11,-7.25,0,1,4,1.3,1,0,1,0,1
25,1,24,1,1,1,1,,,1,0.14,1.79853,3.520093,7,,,0,0,1,29,10.75,0,1,1,0.14,1,0,0,,
26,1,25,2,1,1,1,0,,1,0.86,2.633387,2.213743,6,7,7,0,0,1,14,-4.25,0,1,2,0.86,1,0,0,0,0
27,1,26,3,1,1,1,,,1,1.37,2.456097,1.838695,7,7,6,0,0,1,8,-10.25,0,1,3,1.37,1,0,0,0,0
28,1,27,4,1,1,1,,0.2235255,1,0.13,2.732952,3.049952,7,7,5,0,0,1,32,13.75,0,1,4,0.13,1,0,1,0,1
29,1,28,1,0,1,1,,,1,,1.641637,1.584487,7,,,0,1,1,24,5.75,0,1,1,-0.04,1,0,0,,
30,1,29,2,0,1,1,0.1069152,0.7839238,1,1.11,2.006515,0.566392,4,6,7,0,0,1,4,-14.25,0,1,2,1.11,1,1,1,1,1
31,1,30,3,0,1,1,,0.0824525,1,0.04,2.588281,1.065381,7,7,7,0,0,1,35,16.75,0,1,3,0.04,1,0,1,0,1
32,1,31,4,0,1,1,,0.0888545,1,,2.200114,1.41467,7,6,4,0,1,1,25,6.75,0,1,4,-0.14,1,0,1,0,1
33,2,0,1,1,0,0,,,1,2.26,2.163867,1.15722,1,,,0,0,1,1,-15.5,0,1,1,2.26,1,1,1,,
34,2,1,2,1,0,0,0.6871085,,1,1.02,2.335173,2.279861,3,3,5,0,0,1,32,15.5,0,1,2,1.02,1,1,0,1,0
35,2,2,3,1,0,0,0.4057881,0.3048408,1,1.31,2.053957,2.298034,5,6,5,0,0,1,26,9.5,0,1,3,1.31,1,1,1,1,1
36,2,3,4,1,0,0,0.7072708,0.7306213,1,1.26,2.311709,2.146006,5,6,6,0,0,1,18,1.5,0,1,4,1.26,1,1,1,1,1
37,2,4,1,0,0,0,,,0,,,,,,,0,1,0,29,12.5,0,0,1,0,0,1,0,,
38,2,5,2,0,0,0,0.525765,0.715586,1,0.85,2.294025,0.7030189,3,4,5,0,0,1,6,-10.5,0,1,2,0.85,1,1,1,1,1
39,2,6,3,0,0,0,0.3347975,0.2242916,1,1.11,2.031988,0.7345233,3,6,5,0,0,1,10,-6.5,0,1,3,1.11,1,1,1,1,1
40,2,7,4,0,0,0,0.9321987,0.6231259,1,1.12,2.676066,0.2260584,3,3,5,0,0,1,3,-13.5,0,1,4,1.12,1,1,1,1,1
41,2,8,1,1,1,0,,,1,2.01,2.204924,1.438734,3,,,0,0,1,17,0.5,0,1,1,2.01,1,1,0,,
42,2,9,2,1,1,0,0.2661319,0.2450991,1,0.55,2.233944,2.783165,6,3,5,0,0,1,14,-2.5,0,1,2,0.55,1,1,1,1,1
43,2,10,3,1,1,0,0.2665146,0.1376334,1,1.24,1.889813,2.428898,7,6,5,0,0,1,23,6.5,0,1,3,1.24,1,1,1,1,1
44,2,11,4,1,1,0,0.9568767,0.8193012,1,1.07,2.530083,2.005142,5,6,6,0,0,1,7,-9.5,0,1,4,1.07,1,1,1,1,1
45,2,12,1,0,1,0,,,0,,,,,,,0,1,0,31,14.5,0,0,1,0,0,1,0,,
46,2,13,2,0,1,0,0.6032324,0.3284194,1,0.82,1.952546,0.8058097,3,2,3,0,0,1,12,-4.5,0,1,2,0.82,1,1,1,1,1
47,2,14,3,0,1,0,0.6209644,0.1524259,1,1.07,1.862733,0.7216783,4,6,5,0,0,1,24,7.5,0,1,3,1.07,1,1,1,1,1
48,2,15,4,0,1,0,0.6204168,0.4760623,1,0.55,2.310725,0.8270534,3,6,5,0,0,1,8,-8.5,0,1,4,0.55,1,1,1,1,1
49,2,16,1,1,0,1,,,1,1.9,2.242519,1.450699,2,,,0,0,1,11,-5.5,0,1,1,1.9,1,1,1,,
50,2,17,2,1,0,1,0.1140557,0.118869,1,0.97,2.134051,2.476057,3,3,3,0,0,1,13,-3.5,0,1,2,0.97,1,1,1,1,1
51,2,18,3,1,0,1,0.4921851,0.6860969,1,1.38,2.493739,1.80826,5,6,5,0,0,1,2,-14.5,0,1,3,1.38,1,1,1,1,1
52,2,19,4,1,0,1,0.3108869,0.3219441,1,1.34,2.235887,2.133904,5,7,7,0,0,1,19,2.5,0,1,4,1.34,1,1,1,1,1
53,2,20,1,0,0,1,,,0,,,,,,,0,1,0,27,10.5,0,0,1,0,0,1,0,,
54,2,21,2,0,0,1,0.5838543,0.2173099,1,1.07,2.025174,0.6516072,4,3,5,0,0,1,20,3.5,0,1,2,1.07,1,1,1,1,1
55,2,22,3,0,0,1,0.1329656,0.2004094,1,1.13,1.793822,0.7434247,2,6,5,0,0,1,22,5.5,0,1,3,1.13,1,1,1,1,1
56,2,23,4,0,0,1,0.821516,0.1875202,1,1.22,2.02563,0.5095214,5,6,6,0,0,1,9,-7.5,0,1,4,1.22,1,1,1,1,1
57,2,24,1,1,1,1,,,1,1.64,2.388681,1.679762,1,,,0,0,1,4,-12.5,0,1,1,1.64,1,1,0,,
58,2,25,2,1,1,1,0.0710612,0.103633,1,0.8,2.099342,2.699269,5,3,5,0,0,1,16,-0.5,0,1,2,0.8,1,1,1,1,1
59,2,26,3,1,1,1,0.1790473,0.1853156,1,1.07,1.830868,2.59793,5,6,5,0,0,1,28,11.5,0,1,3,1.07,1,1,1,1,1
60,2,27,4,1,1,1,0.4505208,0.3015335,1,1.11,2.056115,2.550243,4,5,6,0,0,1,25,8.5,0,1,4,1.11,1,1,1,1,1
61,2,28,1,0,1,1,,,0,,,,,,,0,1,0,30,13.5,0,0,1,0,0,1,0,,
62,2,29,2,0,1,1,0.4649501,0.8905633,1,0.78,2.276077,0.7252852,4,3,4,0,0,1,5,-11.5,0,1,2,0.78,1,1,1,1,1
63,2,30,3,0,1,1,0.465022,0.1068781,1,0.78,2.121872,0.7902623,3,6,5,0,0,1,15,-1.5,0,1,3,0.78,1,1,1,1,1
64,2,31,4,0,1,1,0.1115862,0.3105563,1,0.96,1.769433,0.8326622,5,5,5,0,0,1,21,4.5,0,1,4,0.96,1,1,1,1,1
65,3,0,1,1,0,0,,,1,1.48,2.135873,2.039283,3,,,0,0,1,19,3,0,1,1,1.48,1,1,0,,
66,3,1,2,1,0,0,0,,1,1.54,2.242715,1.865996,7,7,7,0,0,1,20,4,0,1,2,1.54,1,0,0,0,0
67,3,2,3,1,0,0,0,,1,1.39,2.264741,2.014336,6,7,7,0,0,1,29,13,0,1,3,1.39,1,0,0,0,0
68,3,3,4,1,0,0,0.0672391,,1,1.22,2.333886,2.147598,5,7,7,0,0,1,28,12,0,1,4,1.22,1,1,0,1,0
69,3,4,1,0,0,0,,,0,,,,,,,0,1,0,17,1,0,0,1,0,0,1,0,,
70,3,5,2,0,0,0,,,0,,,,,,,0,1,0,2,-14,0,0,2,0,0,1,0,1,
71,3,7,4,0,0,0,0,,1,1.57,2.093068,0.20419,2,7,4,0,0,1,7,-9,0,1,4,1.57,1,0,0,0,0
72,3,8,1,1,1,0,,,1,2.58,2.076939,0.9516876,4,,,0,0,1,11,-5,0,1,1,2.58,1,1,0,,
73,3,9,2,1,1,0,0.3995506,,1,1.17,2.148225,2.334568,5,7,7,0,0,1,24,8,0,1,2,1.17,1,1,0,1,0
74,3,10,3,1,1,0,0.5774822,,1,1.53,2.069503,2.020884,5,7,7,0,0,1,25,9,0,1,3,1.53,1,1,0,1,0
75,3,11,4,1,1,0,0.4467472,,1,1.31,2.046994,2.270475,6,6,7,0,0,1,3,-13,0,1,4,1.31,1,1,0,1,0
76,3,12,1,0,1,0,,,0,,,,,,,0,1,0,22,6,0,0,1,0,0,1,0,,
77,3,13,2,0,1,0,0.0649999,,1,0.99,2.101886,0.7210792,6,7,7,0,0,1,9,-7,0,1,2,0.99,1,1,0,1,0
78,3,14,3,0,1,0,0.0221536,,1,1.32,2.097266,0.4345913,4,6,6,0,0,1,1,-15,0,1,3,1.32,1,1,0,1,0
79,3,15,4,0,1,0,0.50998369,,1,1.03,2.130188,0.6564054,4,7,7,0,0,1,18,2,0,1,4,1.03,1,1,0,1,0
80,3,16,1,1,0,1,,,1,1.72,2.258514,1.715752,5,,,0,0,1,15,-1,0,1,1,1.72,1,0,0,,
81,3,17,2,1,0,1,0.0414137,,1,1.35,2.037071,2.229836,6,7,7,0,0,1,4,-12,0,1,2,1.35,1,1,0,1,0
82,3,18,3,1,0,1,0.0670032,,1,1.39,2.082299,2.185037,5,7,7,0,0,1,8,-8,0,1,3,1.39,1,1,0,1,0
83,3,19,4,1,0,1,0.0436327,,1,1.62,2.07685,1.983034,5,7,7,0,0,1,10,-6,0,1,4,1.62,1,1,0,1,0
84,3,20,1,0,0,1,,,0,,,,,,,0,1,0,13,-3,0,0,1,0,0,1,0,,
85,3,21,2,0,0,1,0.0439143,,1,1.31,2.174651,0.379705,5,7,7,0,0,1,30,14,0,1,2,1.31,1,1,0,1,0
86,3,22,3,0,0,1,,,0,,,,,,,0,1,0,6,-10,0,0,3,0,0,1,0,1,
87,3,23,4,0,0,1,0,,1,1.2,2.351605,0.4145975,6,7,7,0,0,1,26,10,0,1,4,1.2,1,0,0,0,0
88,3,24,1,1,1,1,,,1,1.66,2.099588,1.807717,4,,,0,0,1,12,-4,0,1,1,1.66,1,1,0,,
89,3,25,2,1,1,1,0.0219657,,1,1.2,2.108123,2.357022,5,7,7,0,0,1,5,-11,0,1,2,1.2,1,1,0,1,0
90,3,26,3,1,1,1,0,,1,1.06,2.25866,2.365102,5,6,6,0,0,1,21,5,0,1,3,1.06,1,0,0,0,0
91,3,27,4,1,1,1,0,,1,0.97,2.258419,2.465628,5,7,6,0,0,1,16,0,0,1,4,0.97,1,0,0,0,0
92,3,28,1,0,1,1,,,0,,,,,,,0,1,0,23,7,0,0,1,0,0,1,0,,
93,3,29,2,0,1,1,0.0671095,,1,0.87,2.145787,0.7072386,6,7,7,0,0,1,14,-2,0,1,2,0.87,1,1,0,1,0
94,3,30,3,0,1,1,0.0678922,,1,0.51,2.25483,0.9058988,6,7,6,0,0,1,27,11,0,1,3,0.51,1,1,0,1,0
95,3,31,4,0,1,1,0.0685293,,1,1.16,2.226667,0.506205,6,7,7,0,0,1,31,15,0,1,4,1.16,1,1,0,1,0
96,4,0,1,1,0,0,,,1,1.89,3.205343,0.7241999,5,,,0,0,1,18,-1.1875,0,1,1,1.89,1,0,0,,
97,4,1,2,1,0,0,0,0.043792,1,0.82,3.422897,1.527948,6,4,5,0,0,1,5,-14.1875,0,1,2,0.82,1,0,1,0,1
98,4,2,3,1,0,0,0,0.020064,1,1.11,3.716641,1.473187,5,6,7,0,0,1,28,8.8125,0,1,3,1.11,1,0,1,0,1
99,4,3,4,1,0,0,,0,1,0.94,3.173393,1.665272,6,6,7,0,0,1,4,-15.1875,0,1,4,0.94,1,0,0,0,0
100,4,4,1,0,0,0,,,0,,,,,,,0,1,0,35,15.8125,0,0,1,0,0,0,0,,
101,4,5,2,0,0,0,0,0,1,0.72,3.371405,0.1131622,2,3,4,0,0,1,17,-2.1875,0,1,2,0.72,1,0,0,0,0
102,4,6,3,0,0,0,0,,-1,,,,,5,4,0,0,0,23,3.8125,0,0,3,1.06,-1,0,0,0,0
103,4,7,4,0,0,0,,0,1,,3.446229,0.5412164,3,5,5,0,1,1,27,7.8125,0,1,4,-0.12,1,0,0,0,0
104,4,8,1,1,1,0,,,,,,,,,,1,0,,29,9.8125,0,0,1,-2.88,-1,0,0,,
105,4,9,2,1,1,0,,,,,,,,,,1,0,,30,10.8125,0,0,2,-5.02,1,0,0,,
106,4,10,3,1,1,0,,0,1,0.13,3.165287,2.486991,7,6,6,0,0,1,20,0.8125,0,1,3,0.13,1,0,0,0,0
107,4,11,4,1,1,0,,0,1,,2.800925,3.292095,7,6,7,0,1,1,32,12.8125,0,1,4,-0.32,1,0,0,0,0
108,4,12,1,0,1,0,,,0,,,,,,,0,0,0,25,5.8125,0,0,1,4.76,0,0,0,,
109,4,13,2,0,1,0,,0,1,0.74,2.649886,0.5770046,4,5,5,0,0,1,31,11.8125,0,1,2,0.74,1,0,0,0,0
110,4,14,3,0,1,0,,0.110736,1,,3.889547,0.4065723,5,5,6,0,1,1,9,-10.1875,0,1,3,-0.1,1,0,1,0,1
111,4,15,4,0,1,0,,,0,,,,,,,0,0,0,21,1.8125,0,0,4,4.98,0,0,0,0,
112,4,16,1,1,0,1,,,1,1.07,3.740574,1.070196,7,,,0,0,1,11,-8.1875,0,1,1,1.07,1,0,0,,
113,4,17,2,1,0,1,,0,1,,3.646992,2.940973,6,5,6,0,1,1,36,16.8125,0,1,2,-0.44,1,0,0,0,0
114,4,18,3,1,0,1,0,0,1,0.77,3.014068,1.957796,7,7,7,0,0,1,1,-18.1875,0,1,3,0.77,1,0,0,0,0
115,4,19,4,1,0,1,0,0.020833,1,0.91,2.962033,1.906866,6,7,7,0,0,1,22,2.8125,0,1,4,0.91,1,0,1,0,1
116,4,20,1,0,0,1,,,0,,,,,,,0,0,0,13,-6.1875,0,0,1,2.77,0,0,0,,
117,4,21,2,0,0,1,,0,1,0.14,3.135692,0.5545652,3,3,5,0,0,1,16,-3.1875,0,1,2,0.14,1,0,0,0,0
118,4,22,3,0,0,1,0,0,1,0.91,2.408024,0.4722169,3,4,4,0,0,1,33,13.8125,0,1,3,0.91,1,0,0,0,0
119,4,23,4,0,0,1,,,1,0.85,2.48756,0.6263397,4,6,7,0,0,1,3,-16.1875,0,1,4,0.85,1,0,0,0,0
120,4,24,1,1,1,1,,,1,,3.020806,3.18541,7,,,0,1,1,12,-7.1875,0,1,1,-0.48,1,0,0,,
121,4,25,2,1,1,1,0,0,1,0.2,3.776538,1.709473,6,5,5,0,0,1,19,-0.1875,0,1,2,0.2,1,0,0,0,0
122,4,26,3,1,1,1,0,0,1,0.78,2.631302,2.323074,6,7,7,0,0,1,2,-17.1875,0,1,3,0.78,1,0,0,0,0
123,4,27,4,1,1,1,0.09087941,0,1,0.11,2.897117,2.768603,7,6,6,0,0,1,14,-5.1875,0,1,4,0.11,1,1,0,1,0
124,4,28,1,0,1,1,,,0,,,,,,,0,0,0,26,6.8125,0,0,1,5.19,0,0,0,,
125,4,29,2,0,1,1,,,,,,,,,,1,0,,8,-11.1875,0,0,2,-5.02,1,0,1,,
126,4,30,3,0,1,1,,0,1,0.11,3.330025,0.5513327,5,5,5,0,0,1,10,-9.1875,0,1,3,0.11,1,0,0,0,0
127,4,31,4,0,1,1,,0,1,,2.365146,1.176182,4,4,5,0,1,1,34,14.8125,0,1,4,-0.14,1,0,0,0,0
128,5,0,1,1,0,0,,,0,,,,,,,0,1,0,4,-14.28125,0,0,1,0,0,0,0,,
129,5,1,2,1,0,0,0.44404,0.8685419,1,1.22,3.351501,1.194385,4,3,4,0,0,1,27,8.71875,0,1,2,1.22,1,1,1,1,1
130,5,2,3,1,0,0,1.1391389,0.6898417,1,1.78,3.230624,0.6972774,3,5,4,0,0,1,34,15.71875,0,1,3,1.78,1,1,1,1,1
131,5,3,4,1,0,0,0.9058356,0.7571773,1,1.34,2.860849,1.518414,5,6,6,0,0,1,14,-4.28125,0,1,4,1.34,1,1,1,1,1
132,5,4,1,0,0,0,,,0,,,,,,,0,1,0,10,-8.28125,0,0,1,0,0,1,0,,
133,5,5,2,0,0,0,,,,,,,,,,1,0,,33,14.71875,0,0,2,-5.02,0,0,0,,
134,5,6,3,0,0,0,,,0,,,,,,,0,1,0,20,1.71875,0,0,3,0,0,0,0,0,
135,5,7,4,0,0,0,0.430757,0.4407545,1,0.81,2.782048,0.3407951,3,6,5,0,0,1,12,-6.28125,0,1,4,0.81,1,1,1,1,1
136,5,8,1,1,1,0,,,1,0.49,4.120231,1.014056,4,,,0,0,1,16,-2.28125,0,1,1,0.49,1,1,1,,
137,5,9,2,1,1,0,0,0.5514697,1,0.87,3.620096,1.112135,4,3,4,0,0,1,31,12.71875,0,1,2,0.87,1,0,1,0,1
138,5,10,3,1,1,0,,,,,,,,,,1,0,,11,-7.28125,0,0,3,-3.02,-1,0,0,,
139,5,11,4,1,1,0,0.428966,0.8911079,1,2.35,2.703312,0.6338217,4,6,5,0,0,1,30,11.71875,0,1,4,2.35,1,1,1,1,1
140,5,12,1,0,1,0,,,0,,,,,,,0,1,0,32,13.71875,0,0,1,0,0,1,0,,
141,5,13,2,0,1,0,,,,,,,,,,1,0,,8,-10.28125,0,0,2,-5.02,0,1,0,,
142,5,14,3,0,1,0,0.6410323,0.0437391,1,0.98,2.388437,0.3944563,2,5,3,0,0,1,24,5.71875,0,1,3,0.98,1,1,1,1,1
143,5,15,4,0,1,0,0.2872083,0.4698239,1,0.58,3.120194,0.4160384,3,6,5,0,0,1,18,-0.28125,0,1,4,0.58,1,1,1,1,1
144,5,16,1,1,0,1,,,1,1.6,4.305787,0.4816235,2,,,0,0,1,21,2.71875,0,1,1,1.6,1,1,1,,
145,5,17,2,1,0,1,0,0.2924688,1,0.75,3.330346,1.641807,4,4,5,0,0,1,19,0.71875,0,1,2,0.75,1,0,1,0,1
146,5,18,3,1,0,1,0.5721882,0.7969443,1,1.4,3.019692,1.234628,4,4,4,0,0,1,22,3.71875,0,1,3,1.4,1,1,1,1,1
147,5,19,4,1,0,1,0.8244246,0.2879637,1,1,2.834687,1.79787,6,7,6,0,0,1,17,-1.28125,0,1,4,1,1,1,1,1,1
148,5,20,1,0,0,1,,,0,,,,,,,0,1,0,7,-11.28125,0,0,1,0,0,1,0,,
149,5,21,2,0,0,1,,,,,,,,,,1,0,,23,4.71875,0,0,2,-5.02,0,1,0,,
150,5,22,3,0,0,1,,,0,,,,,,,0,0,0,28,9.71875,0,0,3,4.86,0,1,0,1,
151,5,23,4,0,0,1,,,0,,,,,,,0,1,0,3,-15.28125,0,0,4,0,0,1,0,1,
152,5,24,1,1,1,1,,,1,1.49,3.110249,0.9884568,4,,,0,0,1,13,-5.28125,0,1,1,1.49,1,1,1,,
153,5,25,2,1,1,1,0.2225219,0.6517821,1,0.13,3.582299,1.971825,3,2,3,0,0,1,5,-13.28125,0,1,2,0.13,1,1,1,1,1
154,5,26,3,1,1,1,0.3770634,0.911894,1,0.91,3.912936,1.308139,4,5,4,0,0,1,6,-12.28125,0,1,3,0.91,1,1,1,1,1
155,5,27,4,1,1,1,0.4907076,1.402192,1,1.15,3.409156,1.26721,4,5,4,0,0,1,29,10.71875,0,1,4,1.15,1,1,1,1,1
156,5,28,1,0,1,1,,,0,,,,,,,0,1,0,2,-16.28125,0,0,1,0,0,1,0,,
157,5,29,2,0,1,1,,,0,,,,,,,0,1,0,15,-3.28125,0,0,2,0,0,1,0,1,
158,5,30,3,0,1,1,,,,,,,,,,1,0,,26,7.71875,0,0,3,-5.02,0,0,0,,
159,5,31,4,0,1,1,,,0,,,,,,,0,1,0,25,6.71875,0,0,4,0,0,1,0,1,
160,6,0,1,1,0,0,,,1,0.75,4.866693,2.581892,5,,,0,0,1,29,12.25,0,1,1,0.75,1,0,1,,
161,6,1,2,1,0,0,0.0424397,0.1754224,1,0.76,2.276136,2.507222,5,4,5,0,0,1,13,-3.75,0,1,2,0.76,1,1,1,1,1
162,6,2,3,1,0,0,,0,1,0.18,2.213412,3.225615,6,6,5,0,0,1,32,15.25,0,1,3,0.18,1,0,0,0,0
163,6,3,4,1,0,0,0,0,1,1.16,2.544822,2.21612,7,7,6,0,0,1,2,-14.75,0,1,4,1.16,1,0,0,0,0
164,6,4,1,0,0,0,,,,,,,,,,1,0,,16,-0.75,0,0,1,-2.52,1,0,0,,
165,6,5,2,0,0,0,0.1246803,0.3574,1,0.91,2.227627,0.6764227,4,6,6,0,0,1,1,-15.75,0,1,2,0.91,1,1,1,1,1
166,6,6,3,0,0,0,,0.3430988,1,1,1.754776,0.8559913,5,6,5,0,0,1,26,9.25,0,1,3,1,1,0,1,0,1
167,6,7,4,0,0,0,0,0.089263,1,1.31,2.180814,0.4909888,5,6,6,0,0,1,5,-11.75,0,1,4,1.31,1,0,1,0,1
168,6,8,1,1,1,0,,,,,,,,,,1,0,,8,-8.75,0,0,1,-5.02,1,0,0,,
169,6,9,2,1,1,0,,,,,,,,,,1,0,,30,13.25,0,0,2,-5.02,1,0,0,,
170,6,10,3,1,1,0,0.1552407,0,1,0.33,2.071587,3.228442,5,6,5,0,0,1,23,6.25,0,1,3,0.33,1,1,0,1,0
171,6,11,4,1,1,0,,0.2380122,1,0.2,2.008955,3.320093,4,6,6,0,0,1,19,2.25,0,1,4,0.2,1,0,1,0,1
172,6,12,1,0,1,0,,,,,,,,,,1,0,,28,11.25,0,0,1,-5,1,0,0,,
173,6,13,2,0,1,0,0.0467013,0.066506,1,0.15,2.039895,1.225404,5,4,5,0,0,1,12,-4.75,0,1,2,0.15,1,1,1,1,1
174,6,14,3,0,1,0,,,,,,,,,,1,0,,18,1.25,0,0,3,-5.02,1,0,0,,
175,6,15,4,0,1,0,0,0.1404635,1,0.67,1.821892,1.023809,5,6,6,0,0,1,31,14.25,0,1,4,0.67,1,0,1,0,1
176,6,16,1,1,0,1,,,1,0.27,2.455398,3.078796,5,,,0,0,1,4,-12.75,0,1,1,0.27,1,1,1,,
177,6,17,2,1,0,1,0.3321163,0.1989639,1,0.84,2.23718,2.617547,5,4,6,0,0,1,11,-5.75,0,1,2,0.84,1,1,1,1,1
178,6,18,3,1,0,1,0,0.0216351,1,0.98,1.969061,2.678955,5,6,5,0,0,1,21,4.25,0,1,3,0.98,1,0,1,0,1
179,6,19,4,1,0,1,,0.068239,1,0.15,2.038934,3.346977,5,6,6,0,0,1,20,3.25,0,1,4,0.15,1,0,1,0,1
180,6,20,1,0,0,1,,,0,,,,,,,0,1,0,15,-1.75,0,0,1,0,0,1,0,,
181,6,21,2,0,0,1,0.1999806,0.2058403,1,0.84,2.097079,0.8595432,4,5,5,0,0,1,33,16.25,0,1,2,0.84,1,1,1,1,1
182,6,22,3,0,0,1,0,0.0391461,1,0.42,1.961092,1.1575,6,5,6,0,0,1,10,-6.75,0,1,3,0.42,1,0,1,0,1
183,6,23,4,0,0,1,0.2865166,0.1761288,1,0.93,1.898156,0.775735,5,7,6,0,0,1,9,-7.75,0,1,4,0.93,1,1,1,1,1
184,6,24,1,1,1,1,,,1,0.27,1.978585,3.327558,4,,,0,0,1,27,10.25,0,1,1,0.27,1,0,1,,
185,6,25,2,1,1,1,,0.6894941,1,0.19,2.091307,3.362269,5,5,5,0,0,1,24,7.25,0,1,2,0.19,1,0,1,0,1
186,6,26,3,1,1,1,0,0.2175325,1,0.22,2.065311,3.401722,6,7,6,0,0,1,3,-13.75,0,1,3,0.22,1,0,1,0,1
187,6,27,4,1,1,1,,0,1,0.02,2.078823,3.548404,5,6,6,0,0,1,22,5.25,0,1,4,0.02,1,0,0,0,0
188,6,28,1,0,1,1,,,1,0.04,2.331136,1.133483,5,,,0,0,1,17,0.25,0,1,1,0.04,1,0,1,,
189,6,29,2,0,1,1,0,0,1,0.23,2.063982,1.225095,5,4,5,0,0,1,14,-2.75,0,1,2,0.23,1,0,0,0,0
190,6,30,3,0,1,1,0.0445471,0.0928638,1,0.27,1.930055,1.250171,6,7,6,0,0,1,7,-9.75,0,1,3,0.27,1,1,1,1,1
191,6,31,4,0,1,1,0.1628295,0.1907941,1,0.24,2.019815,1.203395,6,6,6,0,0,1,6,-10.75,0,1,4,0.24,1,1,1,1,1
192,7,0,1,1,0,0,,,1,1.71,2.153492,1.635292,4,,,0,0,1,15,-1.5,0,1,1,1.71,1,1,1,,
193,7,1,2,1,0,0,0.4214744,0.4834876,1,0.98,2.308398,2.401585,5,4,6,0,0,1,31,14.5,0,1,2,0.98,1,1,1,1,1
194,7,2,3,1,0,0,0.5828392,0.6018222,1,1.8,2.023502,1.714325,6,7,6,0,0,1,25,8.5,0,1,3,1.8,1,1,1,1,1
195,7,3,4,1,0,0,0.1326003,0.3556932,1,0.98,2.102493,2.601377,6,7,7,0,0,1,28,11.5,0,1,4,0.98,1,1,1,1,1
196,7,4,1,0,0,0,,,0,,,,,,,0,1,0,13,-3.5,0,0,1,0,0,1,0,,
197,7,5,2,0,0,0,,,,,,,,,,1,0,,11,-5.5,0,0,2,-5.02,1,0,1,,
198,7,6,3,0,0,0,0.0640647,0.1778914,1,0.5,2.270218,0.9029547,4,6,6,0,0,1,30,13.5,0,1,3,0.5,1,1,1,1,1
199,7,7,4,0,0,0,,,0,,,,,,,0,1,0,14,-2.5,0,0,4,0,0,1,0,1,
200,7,8,1,1,1,0,,,1,2.45,2.086564,1.085125,4,,,0,0,1,22,5.5,0,1,1,2.45,1,1,1,,
201,7,9,2,1,1,0,0.4741354,0.2261625,1,1.06,2.193125,2.414325,5,4,5,0,0,1,8,-8.5,0,1,2,1.06,1,1,1,1,1
202,7,10,3,1,1,0,,,,,,,,,,1,0,,1,-15.5,0,0,3,-5.02,1,0,0,,
203,7,11,4,1,1,0,0.0415494,0.1288831,1,0.93,2.044509,2.6383,4,7,7,0,0,1,16,-0.5,0,1,4,0.93,1,1,1,1,1
204,7,12,1,0,1,0,,,0,,,,,,,0,1,0,21,4.5,0,0,1,0,0,1,0,,
205,7,13,2,0,1,0,,,0,,,,,,,0,1,0,9,-7.5,0,0,2,0,0,1,0,1,
206,7,14,3,0,1,0,0.3765768,0,1,0.89,1.911057,0.8931331,5,6,6,0,0,1,23,6.5,0,1,3,0.89,1,1,0,1,0
207,7,15,4,0,1,0,0.6609701,0.0765008,1,1.07,2.082646,0.6994175,4,6,7,0,0,1,2,-14.5,0,1,4,1.07,1,1,1,1,1
208,7,16,1,1,0,1,,,1,2.11,2.481343,1.099198,4,,,0,0,1,6,-10.5,0,1,1,2.11,1,1,1,,
209,7,17,2,1,0,1,1.7225008,,1,2.69,1.8853,1.071293,5,4,5,0,0,1,29,12.5,0,1,2,2.69,1,1,0,1,0
210,7,18,3,1,0,1,0.3086818,0.3583291,1,1.02,2.126886,2.493363,5,6,7,0,0,1,27,10.5,0,1,3,1.02,1,1,1,1,1
211,7,19,4,1,0,1,0.4718421,0.4067578,1,0.94,2.146734,2.529606,7,7,7,0,0,1,32,15.5,0,1,4,0.94,1,1,1,1,1
212,7,20,1,0,0,1,,,0,,,,,,,0,1,0,10,-6.5,0,0,1,0,0,1,0,,
213,7,21,2,0,0,1,,,0,,,,,,,0,1,0,19,2.5,0,0,2,0,0,1,0,1,
214,7,22,3,0,0,1,0.3528055,0.2442569,1,1,1.785641,0.8799025,5,5,6,0,0,1,12,-4.5,0,1,3,1,1,1,1,1,1
215,7,23,4,0,0,1,0.2668251,0.1593311,1,1.09,1.744156,0.7949901,4,6,7,0,0,1,18,1.5,0,1,4,1.09,1,1,1,1,1
216,7,24,1,1,1,1,,,1,2.22,2.092658,1.274603,5,,,0,0,1,17,0.5,0,1,1,2.22,1,1,1,,
217,7,25,2,1,1,1,0.3345084,0.5980271,1,1,2.061445,2.466199,5,5,5,0,0,1,20,3.5,0,1,2,1,1,1,1,1,1
218,7,26,3,1,1,1,0.1110756,,1,0.83,2.046847,2.731313,5,6,6,0,0,1,3,-13.5,0,1,3,0.83,1,1,0,1,0
219,7,27,4,1,1,1,0.4896127,0.0255231,1,0.77,2.257236,2.661912,7,7,7,0,0,1,26,9.5,0,1,4,0.77,1,1,1,1,1
220,7,28,1,0,1,1,,,0,,,,,,,0,1,0,4,-12.5,0,0,1,0,0,1,0,,
221,7,29,2,0,1,1,,,0,,,,,,,0,1,0,5,-11.5,0,0,2,0,0,1,0,1,
222,7,30,3,0,1,1,0.2683568,0.0421301,1,0.93,1.842743,0.8046548,5,6,6,0,0,1,7,-9.5,0,1,3,0.93,1,1,1,1,1
223,7,31,4,0,1,1,0.443633,,1,0.96,1.825418,0.90343,4,6,6,0,0,1,24,7.5,0,1,4,0.96,1,1,0,1,0
224,8,0,1,1,0,0,,,1,0.38,2.377489,2.932015,4,,,0,0,1,18,0.5,0,1,1,0.38,1,0,0,,
225,8,1,2,1,0,0,0.3097105,0,1,0.89,2.751188,2.148125,6,6,5,0,0,1,4,-13.5,0,1,2,0.89,1,1,0,1,0
226,8,2,3,1,0,0,0.289537,0.0875035,1,0.22,2.673146,2.735731,5,6,6,0,0,1,25,7.5,0,1,3,0.22,1,1,1,1,1
227,8,3,4,1,0,0,,0,1,,2.687437,3.04841,6,6,5,0,1,1,32,14.5,0,1,4,-0.06,1,0,0,0,0
228,8,4,1,0,0,0,,,1,0.18,2.622564,0.911028,5,,,0,0,1,22,4.5,0,1,1,0.18,1,1,1,,
229,8,5,2,0,0,0,0.1764673,0.1347438,1,0.11,2.589581,0.952915,5,6,4,0,0,1,14,-3.5,0,1,2,0.11,1,1,1,1,1
230,8,6,3,0,0,0,,,,,,,,,,1,0,,11,-6.5,0,0,3,-2.54,1,0,1,,
231,8,7,4,0,0,0,0,0,1,0.33,2.466454,0.9192918,5,6,5,0,0,1,16,-1.5,0,1,4,0.33,1,0,0,0,0
232,8,8,1,1,1,0,,,,,,,,,,1,0,,19,1.5,0,0,1,-5.02,1,0,0,,
233,8,9,2,1,1,0,0,0.4011322,1,0.04,2.509845,3.059201,6,6,6,0,0,1,24,6.5,0,1,2,0.04,1,0,1,0,1
234,8,10,3,1,1,0,,,,,,,,,,1,0,,26,8.5,0,0,3,-5.02,-1,0,0,,
235,8,11,4,1,1,0,,0.0234195,1,,2.673963,3.263789,5,7,4,0,1,1,12,-5.5,0,1,4,-0.32,1,0,1,0,1
236,8,12,1,0,1,0,,,1,0.04,2.77654,0.885386,5,,,0,0,1,10,-7.5,0,1,1,0.04,1,1,1,,
237,8,13,2,0,1,0,,0.2129436,1,,2.881792,0.9907144,5,6,6,0,1,1,17,-0.5,0,1,2,-0.22,1,0,1,0,1
238,8,14,3,0,1,0,0,,1,0.43,2.221997,0.966881,5,5,6,0,0,1,6,-11.5,0,1,3,0.43,1,0,0,0,0
239,8,15,4,0,1,0,0.1996813,0.0435679,1,0.31,2.355354,0.9520621,5,6,6,0,0,1,13,-4.5,0,1,4,0.31,1,1,1,1,1
240,8,16,1,1,0,1,,,1,0.24,2.438639,2.975053,5,,,0,0,1,31,13.5,0,1,1,0.24,1,0,1,,
241,8,17,2,1,0,1,0.2658933,0,1,0.31,2.547471,2.856671,7,6,7,0,0,1,7,-10.5,0,1,2,0.31,1,1,0,1,0
242,8,18,3,1,0,1,0.0906025,0.1562137,1,0.4,2.366217,2.979328,6,6,6,0,0,1,33,15.5,0,1,3,0.4,1,1,1,1,1
243,8,19,4,1,0,1,0,0,1,0.67,2.368753,2.599659,6,6,6,0,0,1,8,-9.5,0,1,4,0.67,1,0,0,0,0
244,8,20,1,0,0,1,,,0,,,,,,,0,1,0,9,-8.5,0,0,1,0,0,1,0,,
245,8,21,2,0,0,1,0.2220692,0.6248263,1,0.44,2.764396,0.6692647,5,5,6,0,0,1,27,9.5,0,1,2,0.44,1,1,1,1,1
246,8,22,3,0,0,1,0.2634955,0.0887278,1,0.56,2.833611,0.5676299,7,7,5,0,0,1,3,-14.5,0,1,3,0.56,1,1,1,1,1
247,8,23,4,0,0,1,0,0.3817201,1,0.11,2.726358,0.8694549,6,6,6,0,0,1,29,11.5,0,1,4,0.11,1,0,1,0,1
248,8,24,1,1,1,1,,,1,0.27,2.345206,3.011564,5,,,0,0,1,20,2.5,0,1,1,0.27,1,1,1,,
249,8,25,2,1,1,1,0,0,1,0.11,2.378319,3.141428,6,6,5,0,0,1,28,10.5,0,1,2,0.11,1,0,0,0,0
250,8,26,3,1,1,1,,,1,,2.474308,3.560864,4,,,0,1,1,2,-15.5,1,1,3,-0.42,1,0,0,0,0
251,8,27,4,1,1,1,,0.4640645,1,,2.595029,3.098094,5,6,6,0,1,1,21,3.5,0,1,4,-0.06,1,0,1,0,1
252,8,28,1,0,1,1,,,1,0.18,2.144863,1.166458,4,,,0,0,1,15,-2.5,0,1,1,0.18,1,0,0,,
253,8,29,2,0,1,1,,0.043374,1,0.06,2.351363,1.109055,7,7,6,0,0,1,5,-12.5,0,1,2,0.06,1,0,1,0,1
254,8,30,3,0,1,1,0.15589,0.2257171,1,0.11,2.461359,1.053347,6,6,6,0,0,1,23,5.5,0,1,3,0.11,1,1,1,1,1
255,8,31,4,0,1,1,0.2557236,0,1,0.37,2.24779,0.9871582,6,6,5,0,0,1,30,12.5,0,1,4,0.37,1,1,0,1,0
256,9,0,1,1,0,0,,,1,2.35,2.450935,0.8424116,5,,,0,0,1,9,-10.25,0,1,1,2.35,1,1,0,,
257,9,1,2,1,0,0,0,,1,1.07,2.691442,1.876288,5,4,4,0,0,1,10,-9.25,0,1,2,1.07,1,0,0,0,0
258,9,2,3,1,0,0,0,,1,1.54,2.230393,1.856276,5,5,4,0,0,1,12,-7.25,0,1,3,1.54,1,0,0,0,0
259,9,3,4,1,0,0,,,1,1.29,2.488517,1.849217,5,6,7,0,0,1,14,-5.25,0,1,4,1.29,1,0,0,0,0
260,9,4,1,0,0,0,,,0,,,,,,,0,0,0,18,-1.25,0,0,1,5.23,0,1,0,,
261,9,5,2,0,0,0,0.1104329,,1,1.04,2.420189,0.3743785,5,5,4,0,0,1,19,-0.25,0,1,2,1.04,1,1,0,1,0
262,9,6,3,0,0,0,0.1107018,,1,1.13,2.299837,0.4169406,5,5,5,0,0,1,33,13.75,0,1,3,1.13,1,1,0,1,0
263,9,7,4,0,0,0,0.0224218,,1,1.14,2.307686,0.4014086,5,7,7,0,0,1,31,11.75,0,1,4,1.14,1,1,0,1,0
264,9,8,1,1,1,0,,,1,1.33,2.389408,1.939985,5,,,0,0,1,34,14.75,0,1,1,1.33,1,0,0,,
265,9,9,2,1,1,0,0,0.1133347,1,0.22,2.801592,2.650446,5,4,5,0,0,1,26,6.75,0,1,2,0.22,1,0,1,0,1
266,9,10,3,1,1,0,0.2233987,,1,0.82,2.560515,2.248141,5,5,5,0,0,1,23,3.75,0,1,3,0.82,1,1,0,1,0
267,9,11,4,1,1,0,,,1,1.1,2.308834,2.205675,6,7,7,0,0,1,13,-6.25,0,1,4,1.1,1,0,0,0,0
268,9,12,1,0,1,0,,,1,,2.519887,1.174433,3,,,0,1,1,15,-4.25,0,1,1,-0.16,1,0,0,,
269,9,13,2,0,1,0,,,1,0.09,2.764503,0.8373644,6,5,5,0,0,1,30,10.75,0,1,2,0.09,1,0,0,0,0
270,9,14,3,0,1,0,0.0449543,,1,0.8,2.57548,0.4740678,6,5,5,0,0,1,29,9.75,0,1,3,0.8,1,1,0,1,0
271,9,15,4,0,1,0,0,,1,0.59,2.679986,0.5537521,6,7,6,0,0,1,8,-11.25,0,1,4,0.59,1,0,0,0,0
272,9,16,1,1,0,1,,,1,1.91,2.450278,1.269724,4,,,0,0,1,22,2.75,0,1,1,1.91,1,1,0,,
273,9,17,2,1,0,1,0,,1,0.69,2.494735,2.457154,6,5,5,0,0,1,35,15.75,0,1,2,0.69,1,0,0,0,0
274,9,18,3,1,0,1,0.0200436,,1,1.19,2.522375,1.965365,5,5,5,0,0,1,21,1.75,0,1,3,1.19,1,1,0,1,0
275,9,19,4,1,0,1,0.0209637,,1,1.36,2.497243,1.798095,7,7,7,0,0,1,7,-12.25,0,1,4,1.36,1,1,0,1,0
276,9,20,1,0,0,1,,,0,,,,,,,0,0,0,25,5.75,0,0,1,5.33,0,1,0,,
277,9,21,2,0,0,1,,,,,,,,,,1,0,,17,-2.25,0,0,2,-5.02,0,1,0,,
278,9,22,3,0,0,1,0,,1,0.44,2.651975,0.7148937,5,5,5,0,0,1,24,4.75,0,1,3,0.44,1,0,0,0,0
279,9,23,4,0,0,1,0.0723055,,1,0.85,2.452854,0.5690471,6,7,7,0,0,1,32,12.75,0,1,4,0.85,1,1,0,1,0
280,9,24,1,1,1,1,,,1,0.93,2.391639,2.338596,2,,,0,0,1,16,-3.25,0,1,1,0.93,1,1,0,,
281,9,25,2,1,1,1,,,1,0.79,2.491796,2.416498,5,5,4,0,0,1,20,0.75,0,1,2,0.79,1,0,0,0,0
282,9,26,3,1,1,1,0.084958,,1,0.26,2.607286,2.830807,6,5,6,0,0,1,3,-16.25,0,1,3,0.26,1,1,0,1,0
283,9,27,4,1,1,1,0.6222883,,1,1.96,2.394336,1.294813,7,7,7,0,0,1,28,8.75,0,1,4,1.96,1,1,0,1,0
284,9,28,1,0,1,1,,,0,,,,,,,0,0,0,5,-14.25,0,0,1,5.3,0,1,0,,
285,9,29,2,0,1,1,0.3323926,,1,0.75,2.620968,0.5164419,5,4,4,0,0,1,4,-15.25,0,1,2,0.75,1,1,0,1,0
286,9,30,3,0,1,1,0.0254457,,1,0.46,2.409039,0.8475526,5,6,6,0,0,1,27,7.75,0,1,3,0.46,1,1,0,1,0
287,9,31,4,0,1,1,0.045188,,1,1,2.444305,0.4358306,6,7,7,0,0,1,6,-13.25,0,1,4,1,1,1,0,1,0
288,10,0,1,1,0,0,,,0,,,,,,,0,1,0,2,-14.5,0,0,1,0,0,1,0,,
289,10,1,2,1,0,0,,,,,,,,,,1,0,,32,15.5,0,0,2,-2.64,-1,0,0,,
290,10,2,3,1,0,0,0.0452471,1.822329,1,0.02,3.755195,2.108413,6,7,7,0,0,1,29,12.5,0,1,3,0.02,1,1,1,1,1
291,10,3,4,1,0,0,1.90886,,1,2.34,2.28129,1.075372,6,7,7,0,0,1,1,-15.5,0,1,4,2.34,1,1,0,1,0
292,10,4,1,0,0,0,,,0,,,,,,,0,1,0,20,3.5,0,0,1,0,0,1,0,,
293,10,5,2,0,0,0,0.7340586,0.3616498,1,1.09,2.114698,0.576251,5,6,6,0,0,1,17,0.5,0,1,2,1.09,1,1,1,1,1
294,10,6,3,0,0,0,1.1127639,0.4108806,1,1.35,2.020252,0.4346713,5,5,6,0,0,1,25,8.5,0,1,3,1.35,1,1,1,1,1
295,10,7,4,0,0,0,1.0228455,0.1555474,1,1.07,2.155063,0.5531871,5,7,7,0,0,1,22,5.5,0,1,4,1.07,1,1,1,1,1
296,10,8,1,1,1,0,,,1,1.7,2.231846,1.689132,2,,,0,0,1,13,-3.5,0,1,1,1.7,1,1,0,,
297,10,9,2,1,1,0,0.800413,0.3330255,1,1.05,2.598132,1.948795,6,6,6,0,0,1,19,2.5,0,1,2,1.05,1,1,1,1,1
298,10,10,3,1,1,0,,,,,,,,,,1,0,,27,10.5,0,0,3,-5.02,1,0,0,,
299,10,11,4,1,1,0,0.2442197,0.2151514,1,1.18,2.220943,2.260052,6,7,7,0,0,1,10,-6.5,0,1,4,1.18,1,1,1,1,1
300,10,12,1,0,1,0,,,0,,,,,,,0,0,0,23,6.5,0,0,1,4.87,0,1,0,,
301,10,13,2,0,1,0,0.3137847,0.4503675,1,0.41,2.775606,0.5935982,5,5,6,0,0,1,30,13.5,0,1,2,0.41,1,1,1,1,1
302,10,14,3,0,1,0,,,,,,,,,,1,0,,28,11.5,0,0,3,-5.02,1,0,0,,
303,10,15,4,0,1,0,0.6433601,,1,1.07,2.086927,0.6697526,6,7,7,0,0,1,18,1.5,0,1,4,1.07,1,1,0,1,0
304,10,16,1,1,0,1,,,1,2.52,2.286574,0.9038584,1,,,0,0,1,7,-9.5,0,1,1,2.52,1,1,0,,
305,10,17,2,1,0,1,0.7226652,0.5859255,1,1.12,2.79919,1.831823,6,6,6,0,0,1,15,-1.5,0,1,2,1.12,1,1,1,1,1
306,10,18,3,1,0,1,0.6247748,0.3150442,1,1.26,2.145217,2.255408,5,6,7,0,0,1,11,-5.5,0,1,3,1.26,1,1,1,1,1
307,10,19,4,1,0,1,0.6441683,1.0437133,1,1.2,2.625906,1.944113,6,7,7,0,0,1,21,4.5,0,1,4,1.2,1,1,1,1,1
308,10,20,1,0,0,1,,,0,,,,,,,0,1,0,6,-10.5,0,0,1,0,0,1,0,,
309,10,21,2,0,0,1,0.7879351,0.3707341,1,1.08,2.167425,0.5635443,5,5,6,0,0,1,24,7.5,0,1,2,1.08,1,1,1,1,1
310,10,22,3,0,0,1,,,0,,,,,,,0,1,0,3,-13.5,0,0,3,0,0,1,0,1,
311,10,23,4,0,0,1,0.8666921,0,1,1.22,2.361644,0.3212571,6,7,7,0,0,1,8,-8.5,0,1,4,1.22,1,1,0,1,0
312,10,24,1,1,1,1,,,1,1.85,2.338936,1.516548,2,,,0,0,1,16,-0.5,0,1,1,1.85,1,1,0,,
313,10,25,2,1,1,1,0.9796895,0.8256777,1,0.98,2.566638,2.156836,5,6,6,0,0,1,14,-2.5,0,1,2,0.98,1,1,1,1,1
314,10,26,3,1,1,1,0.0659565,1.3953017,1,0.11,3.433857,2.222102,5,6,6,0,0,1,26,9.5,0,1,3,0.11,1,1,1,1,1
315,10,27,4,1,1,1,,0.267406,1,0.14,3.019718,2.639441,7,7,7,0,0,1,4,-12.5,0,1,4,0.14,1,0,1,0,1
316,10,28,1,0,1,1,,,1,,2.916558,0.8874174,3,,,0,1,1,31,14.5,0,1,1,-0.12,1,0,1,,
317,10,29,2,0,1,1,0.7338005,0.3332206,1,0.89,2.488001,0.5067821,5,5,5,0,0,1,9,-7.5,0,1,2,0.89,1,1,1,1,1
318,10,30,3,0,1,1,0.156859,0.2410332,1,0.53,2.616759,0.6918555,6,6,7,0,0,1,5,-11.5,0,1,3,0.53,1,1,1,1,1
319,10,31,4,0,1,1,0.8620201,,1,1.03,2.128762,0.6850839,6,7,7,0,0,1,12,-4.5,0,1,4,1.03,1,1,0,1,0
320,11,0,1,1,0,0,,,,,,,,,,1,0,,12,-4.5,0,0,1,-5.02,0,0,0,,
321,11,1,2,1,0,0,0,0,1,1.02,2.610036,2.04712,4,4,5,0,0,1,15,-1.5,0,1,2,1.02,1,0,0,0,0
322,11,2,3,1,0,0,0,0,1,1.02,2.506236,2.154453,6,7,6,0,0,1,11,-5.5,0,1,3,1.02,1,0,0,0,0
323,11,3,4,1,0,0,0,0,1,0.94,2.316607,2.472918,6,7,7,0,0,1,10,-6.5,0,1,4,0.94,1,0,0,0,0
324,11,4,1,0,0,0,,,0,,,,,,,0,0,0,8,-8.5,0,0,1,5.24,0,0,0,,
325,11,5,2,0,0,0,0,0,1,0.85,2.368125,0.6422931,4,4,5,0,0,1,30,13.5,0,1,2,0.85,1,0,0,0,0
326,11,6,3,0,0,0,0,0,1,1.09,2.23145,0.5503719,4,7,6,0,0,1,29,12.5,0,1,3,1.09,1,0,0,0,0
327,11,7,4,0,0,0,0,0,1,1.15,2.131833,0.508113,4,7,6,0,0,1,24,7.5,0,1,4,1.15,1,0,0,0,0
328,11,8,1,1,1,0,,,1,1.82,2.675757,1.318019,2,,,0,0,1,23,6.5,0,1,1,1.82,1,0,0,,
329,11,9,2,1,1,0,0,0,1,1.11,3.857043,2.074839,5,4,5,0,0,1,6,-10.5,0,1,2,1.11,1,0,0,0,0
330,11,10,3,1,1,0,0,0,1,1.13,2.598309,1.990959,6,7,6,0,0,1,19,2.5,0,1,3,1.13,1,0,0,0,0
331,11,11,4,1,1,0,,0,1,0.35,2.998968,2.371189,6,7,7,0,0,1,18,1.5,0,1,4,0.35,1,0,0,0,0
332,11,12,1,0,1,0,,,0,,,,,,,0,1,0,16,-0.5,0,0,1,0,0,0,0,,
333,11,13,2,0,1,0,0,,1,0.72,2.406916,0.7204508,5,7,6,0,0,1,1,-15.5,0,1,2,0.72,1,0,0,0,0
334,11,14,3,0,1,0,0,0,1,1.27,2.185732,0.3814872,5,5,6,0,0,1,5,-11.5,0,1,3,1.27,1,0,0,0,0
335,11,15,4,0,1,0,0,,1,0.98,2.697751,0.6765823,4,7,7,0,0,1,28,11.5,0,1,4,0.98,1,0,0,0,0
336,11,16,1,1,0,1,,,1,1.55,3.243008,1.04953,2,,,0,0,1,21,4.5,0,1,1,1.55,1,0,0,,
337,11,17,2,1,0,1,0,0,1,1.58,2.605562,1.526494,4,4,5,0,0,1,13,-3.5,0,1,2,1.58,1,0,0,0,0
338,11,18,3,1,0,1,0,0,1,0.87,2.387128,2.343042,6,7,6,0,0,1,32,15.5,0,1,3,0.87,1,0,0,0,0
339,11,19,4,1,0,1,0,0,1,1.37,2.415864,1.954069,5,7,7,0,0,1,17,0.5,0,1,4,1.37,1,0,0,0,0
340,11,20,1,0,0,1,,,0,,,,,,,0,1,0,4,-12.5,0,0,1,0,0,0,0,,
341,11,21,2,0,0,1,,,1,1.38,2.243924,0.3427127,3,3,5,0,0,1,25,8.5,0,1,2,1.38,1,0,0,0,0
342,11,22,3,0,0,1,0,0,1,1.03,2.360479,0.4777135,6,7,6,0,0,1,9,-7.5,0,1,3,1.03,1,0,0,0,0
343,11,23,4,0,0,1,0,0,1,1.35,1.966373,0.4725023,4,7,6,0,0,1,31,14.5,0,1,4,1.35,1,0,0,0,0
344,11,24,1,1,1,1,,,1,1.49,2.665968,1.475097,4,,,0,0,1,3,-13.5,0,1,1,1.49,1,0,0,,
345,11,25,2,1,1,1,,0,1,1.06,2.61865,2.107568,4,3,5,0,0,1,22,5.5,0,1,2,1.06,1,0,0,0,0
346,11,26,3,1,1,1,0,0,1,1.35,2.411089,1.973675,6,7,7,0,0,1,7,-9.5,0,1,3,1.35,1,0,0,0,0
347,11,27,4,1,1,1,0,0,1,1.15,2.389185,2.145655,5,7,7,0,0,1,14,-2.5,0,1,4,1.15,1,0,0,0,0
348,11,28,1,0,1,1,,,0,,,,,,,0,1,0,26,9.5,0,0,1,0,0,0,0,,
349,11,29,2,0,1,1,,,0,,,,,,,0,1,0,20,3.5,0,0,2,0,0,0,0,0,
350,11,30,3,0,1,1,,0,1,1.62,4.606793,0.2933586,3,5,5,0,0,1,27,10.5,0,1,3,1.62,1,0,0,0,0
351,11,31,4,0,1,1,,0,1,0.84,2.309442,0.6101748,5,6,7,0,0,1,2,-14.5,0,1,4,0.84,1,0,0,0,0
352,12,0,1,1,0,0,,,1,2,2.21205,1.432153,4,,,0,0,1,25,9.5,0,1,1,2,1,1,1,,
353,12,1,2,1,0,0,0.5085181,0.7224193,1,0.78,2.639506,2.437817,5,5,5,0,0,1,29,13.5,0,1,2,0.78,1,1,1,1,1
354,12,2,3,1,0,0,0.377102,0.6631448,1,2.37,2.224753,1.06615,6,6,6,0,0,1,1,-14.5,0,1,3,2.37,1,1,1,1,1
355,12,3,4,1,0,0,0.7100586,0.5211832,1,1.04,2.441999,2.186167,7,6,6,0,0,1,18,2.5,0,1,4,1.04,1,1,1,1,1
356,12,5,2,0,0,0,0.2827338,0.2625035,1,0.89,1.854723,0.904246,5,5,5,0,0,1,27,11.5,0,1,2,0.89,1,1,1,1,1
357,12,6,3,0,0,0,0.6211415,0.3591871,1,1,2.003446,0.7452989,5,6,6,0,0,1,20,4.5,0,1,3,1,1,1,1,1,1
358,12,7,4,0,0,0,0.7731465,0.3167909,1,0.78,1.991542,0.9003795,5,6,6,0,0,1,22,6.5,0,1,4,0.78,1,1,1,1,1
359,12,8,1,1,1,0,,,1,2.19,2.211545,1.233734,4,,,0,0,1,19,3.5,0,1,1,2.19,1,1,1,,
360,12,9,2,1,1,0,0.6005549,0.3038923,1,0.58,2.600639,2.644546,6,5,6,0,0,1,26,10.5,0,1,2,0.58,1,1,1,1,1
361,12,10,3,1,1,0,,,,,,,,,,1,0,,16,0.5,0,0,3,-5.02,1,1,1,,
362,12,11,4,1,1,0,0.8196837,0.2706234,1,0.98,2.313827,2.429732,7,6,7,0,0,1,30,14.5,0,1,4,0.98,1,1,1,1,1
363,12,12,1,0,1,0,,,0,,,,,,,0,0,0,10,-5.5,0,0,1,5.15,0,1,0,,
364,12,13,2,0,1,0,,,,,,,,,,1,0,,13,-2.5,0,0,2,-2.82,1,0,0,,
365,12,14,3,0,1,0,,,,,,,,,,1,0,,9,-6.5,0,0,3,-2.66,1,0,0,,
366,12,15,4,0,1,0,0.622819,0.3029374,1,0.87,2.122009,0.7807758,6,6,6,0,0,1,11,-4.5,0,1,4,0.87,1,1,1,1,1
367,12,17,2,1,0,1,0.4440765,0.536657,1,0.73,2.395122,2.637844,6,5,5,0,0,1,24,8.5,0,1,2,0.73,1,1,1,1,1
368,12,18,3,1,0,1,,0.7125055,1,0.15,2.806264,2.791041,6,6,6,0,0,1,5,-10.5,0,1,3,0.15,1,0,1,0,1
369,12,19,4,1,0,1,0.3588605,0.2374568,1,0.51,2.326883,2.819912,7,6,7,0,0,1,23,7.5,0,1,4,0.51,1,1,1,1,1
370,12,20,1,0,0,1,,,0,,,,,,,0,1,0,17,1.5,0,0,1,0,0,1,0,,
371,12,21,2,0,0,1,0.5153289,0.7031036,1,0.49,2.37691,0.9136197,5,5,5,0,0,1,14,-1.5,0,1,2,0.49,1,1,1,1,1
372,12,22,3,0,0,1,0.2213714,0.2690328,1,0.4,2.509724,0.9026119,5,6,5,0,0,1,8,-7.5,0,1,3,0.4,1,1,1,1,1
373,12,23,4,0,0,1,0.7986377,0.3812629,1,0.87,1.965095,0.8628615,5,6,6,0,0,1,21,5.5,0,1,4,0.87,1,1,1,1,1
374,12,24,1,1,1,1,,,1,0.38,2.653573,2.738986,3,,,0,0,1,7,-8.5,0,1,1,0.38,1,1,1,,
375,12,25,2,1,1,1,0.5112286,0.3255158,1,0.42,2.59885,2.724424,5,6,5,0,0,1,15,-0.5,0,1,2,0.42,1,1,1,1,1
376,12,26,3,1,1,1,0.5031233,0.12863,1,0.95,2.440717,2.521076,7,6,6,0,0,1,28,12.5,0,1,3,0.95,1,1,1,1,1
377,12,27,4,1,1,1,0.1794188,0.0835548,1,0.18,2.386745,3.086557,5,5,6,0,0,1,2,-13.5,0,1,4,0.18,1,1,1,1,1
378,12,28,1,0,1,1,,,1,,2.952049,1.002241,4,,,0,1,1,3,-12.5,0,1,1,-0.14,1,0,1,,
379,12,29,2,0,1,1,0.6460424,0.6182733,1,0.71,2.270629,0.841078,5,5,5,0,0,1,6,-9.5,0,1,2,0.71,1,1,1,1,1
380,12,30,3,0,1,1,0.5772866,0.3519659,1,0.57,2.468299,0.8042813,6,6,6,0,0,1,4,-11.5,0,1,3,0.57,1,1,1,1,1
381,12,31,4,0,1,1,0.3349932,0.2081496,1,0.76,2.236257,0.8518211,6,5,6,0,0,1,12,-3.5,0,1,4,0.76,1,1,1,1,1
382,13,0,1,1,0,0,,,0,,,,,,,0,0,0,23,5.5,0,0,1,6.77,0,0,0,,
383,13,1,2,1,0,0,,,,,,,,,,1,0,,12,-5.5,0,0,2,-5.02,1,0,0,,
384,13,2,3,1,0,0,0,,1,1.07,2.560982,2.143026,7,7,7,0,0,1,13,-4.5,0,1,3,1.07,1,0,0,0,0
385,13,3,4,1,0,0,,,,,,,,,,1,0,,24,6.5,0,0,4,-5.02,1,0,0,,
386,13,4,1,0,0,0,,,0,,,,,,,0,0,0,10,-7.5,0,0,1,5.39,0,0,0,,
387,13,5,2,0,0,0,0,,1,0.91,2.508894,0.5111455,7,7,7,0,0,1,20,2.5,0,1,2,0.91,1,0,0,0,0
388,13,6,3,0,0,0,0,,1,1.22,2.398696,0.3503819,7,7,7,0,0,1,21,3.5,0,1,3,1.22,1,0,0,0,0
389,13,7,4,0,0,0,0,,1,1.28,2.317874,0.3622928,6,6,7,0,0,1,4,-13.5,0,1,4,1.28,1,0,0,0,0
390,13,8,1,1,1,0,,,1,2.3,2.405068,0.951501,5,,,0,0,1,30,12.5,0,1,1,2.3,1,0,0,,
391,13,9,2,1,1,0,,,,,,,,,,1,0,,28,10.5,0,0,2,-2.9,1,0,0,,
392,13,10,3,1,1,0,,0,1,,2.557967,3.398149,6,7,7,0,1,1,29,11.5,0,1,3,-0.28,1,0,0,0,0
393,13,11,4,1,1,0,,,,,,,,,,1,0,,18,0.5,0,0,4,-2.76,1,0,0,,
394,13,12,1,0,1,0,,,1,,2.343174,1.268491,4,,,0,1,1,31,13.5,0,1,1,-0.18,1,0,0,,
395,13,13,2,0,1,0,0,,1,0.87,2.600166,0.4754897,7,7,7,0,0,1,11,-6.5,0,1,2,0.87,1,0,0,0,0
396,13,14,3,0,1,0,,,1,,2.242127,1.294758,6,7,6,0,1,1,32,14.5,0,1,3,-0.04,1,0,0,0,0
397,13,15,4,0,1,0,0,,1,1.22,2.289993,0.439207,5,5,5,0,0,1,2,-15.5,0,1,4,1.22,1,0,0,0,0
398,13,16,1,1,0,1,,,1,0.42,2.34184,2.889258,7,,,0,0,1,8,-9.5,0,1,1,0.42,1,0,0,,
399,13,17,2,1,0,1,0,,1,1.02,2.461766,2.2301,7,7,7,0,0,1,19,1.5,0,1,2,1.02,1,0,0,0,0
400,13,18,3,1,0,1,0,,1,1.07,2.439606,2.223969,7,7,6,0,0,1,16,-1.5,0,1,3,1.07,1,0,0,0,0
401,13,19,4,1,0,1,0,,1,0.96,2.631833,2.200608,7,7,6,0,0,1,6,-11.5,0,1,4,0.96,1,0,0,0,0
402,13,20,1,0,0,1,,,0,,,,,,,0,1,0,17,-0.5,0,0,1,0,0,0,0,,
403,13,21,2,0,0,1,0,,1,0.67,2.511802,0.6677005,7,7,7,0,0,1,26,8.5,0,1,2,0.67,1,0,0,0,0
404,13,22,3,0,0,1,,,1,,2.521082,1.196727,6,6,6,0,1,1,14,-3.5,0,1,3,-0.18,1,0,0,0,0
405,13,23,4,0,0,1,0.2018065,0,1,0.2,2.489999,1.027358,6,7,6,0,0,1,33,15.5,0,1,4,0.2,1,1,0,1,0
406,13,24,1,1,1,1,,,1,0.02,2.309578,3.336197,3,,,0,0,1,15,-2.5,0,1,1,0.02,1,0,0,,
407,13,25,2,1,1,1,0,,1,0.47,2.268204,2.911646,7,6,4,0,0,1,3,-14.5,0,1,2,0.47,1,0,0,0,0
408,13,26,3,1,1,1,,,1,,2.375872,3.388588,6,6,6,0,1,1,25,7.5,0,1,3,-0.08,1,0,0,0,0
409,13,27,4,1,1,1,0,,1,0.86,2.443718,2.431647,7,7,6,0,0,1,22,4.5,0,1,4,0.86,1,0,0,0,0
410,13,28,1,0,1,1,,,0,,,,,,,0,0,0,27,9.5,0,0,1,4.99,0,0,0,,
411,13,29,2,0,1,1,0,,1,0.44,2.593272,0.7841884,6,6,6,0,0,1,7,-10.5,0,1,2,0.44,1,0,0,0,0
412,13,30,3,0,1,1,,,1,,2.562473,1.219195,7,5,5,0,1,1,5,-12.5,0,1,3,-0.1,1,0,0,0,0
413,13,31,4,0,1,1,0.0212592,,1,0.4,2.525073,0.8721026,7,6,7,0,0,1,9,-8.5,0,1,4,0.4,1,1,0,1,0
414,14,0,1,1,0,0,,,0,,,,,,,0,1,0,15,-2.03125,0,0,1,0,0,0,0,,
415,14,1,2,1,0,0,0.041619,0,1,0.58,3.194102,2.077742,6,7,6,0,0,1,13,-4.03125,0,1,2,0.58,1,1,0,1,0
416,14,2,3,1,0,0,,,1,0.96,2.551595,2.226988,4,7,7,0,0,1,29,11.96875,0,1,3,0.96,1,0,0,0,0
417,14,3,4,1,0,0,,,1,0.97,2.666456,2.09153,6,7,7,0,0,1,26,8.96875,0,1,4,0.97,1,0,0,0,0
418,14,4,1,0,0,0,,,0,,,,,,,0,1,0,28,10.96875,0,0,1,0,0,1,0,,
419,14,5,2,0,0,0,,,0,,,,,,,0,1,0,23,5.96875,0,0,2,0,0,1,0,1,
420,14,6,3,0,0,0,,,1,1.02,2.580531,0.3624858,5,7,7,0,0,1,27,9.96875,0,1,3,1.02,1,0,0,0,0
421,14,7,4,0,0,0,0,,1,1.04,2.579616,0.3544686,5,7,7,0,0,1,25,7.96875,0,1,4,1.04,1,0,0,0,0
422,14,8,1,1,1,0,,,1,1.93,2.767806,1.073456,4,,,0,0,1,21,3.96875,0,1,1,1.93,1,1,0,,
423,14,9,2,1,1,0,0.0229924,,1,1.13,2.966087,1.700032,6,6,6,0,0,1,2,-15.03125,0,1,2,1.13,1,1,0,1,0
424,14,10,3,1,1,0,0,,1,1.14,2.81738,1.812014,5,7,6,0,0,1,22,4.96875,0,1,3,1.14,1,0,0,0,0
425,14,11,4,1,1,0,0,0,1,1.02,3.06346,1.76418,5,7,7,0,0,1,6,-11.03125,0,1,4,1.02,1,0,0,0,0
426,14,12,1,0,1,0,,,0,,,,,,,0,1,0,24,6.96875,0,0,1,0,0,1,0,,
427,14,13,2,0,1,0,,,1,0.79,2.608659,0.5504725,4,7,6,0,0,1,32,14.96875,0,1,2,0.79,1,0,0,0,0
428,14,14,3,0,1,0,0.0896724,,1,1,2.727154,0.3213068,6,7,6,0,0,1,4,-13.03125,0,1,3,1,1,1,0,1,0
429,14,15,4,0,1,0,,,1,,2.998306,0.9179263,4,4,3,0,1,1,1,-16.03125,0,1,4,-0.16,1,0,0,0,0
430,14,16,1,1,0,1,,,0,,,,,,,0,1,0,7,-10.03125,0,0,1,0,0,1,0,,
431,14,17,2,1,0,1,0.0434619,,1,1.07,2.863357,1.888879,5,5,6,0,0,1,10,-7.03125,0,1,2,1.07,1,1,0,1,0
432,14,18,3,1,0,1,,,1,1.07,2.871298,1.84594,5,6,6,0,0,1,8,-9.03125,0,1,3,1.07,1,0,0,0,0
433,14,19,4,1,0,1,0,,1,0.89,2.880911,1.989648,7,7,7,0,0,1,12,-5.03125,0,1,4,0.89,1,0,0,0,0
434,14,20,1,0,0,1,,,1,0.31,2.72914,0.7669379,5,,,0,0,1,20,2.96875,0,1,1,0.31,1,0,0,,
435,14,21,2,0,0,1,,,1,0.79,2.854367,0.3627242,6,7,7,0,0,1,14,-3.03125,0,1,2,0.79,1,0,0,0,0
436,14,22,3,0,0,1,,,1,0.78,2.713162,0.4644457,5,7,7,0,0,1,30,12.96875,0,1,3,0.78,1,0,0,0,0
437,14,23,4,0,0,1,0,,1,0.91,2.804807,0.3453056,4,6,6,0,0,1,9,-8.03125,0,1,4,0.91,1,0,0,0,0
438,14,24,1,1,1,1,,,1,2.16,2.901361,0.7462044,3,,,0,0,1,33,15.96875,0,1,1,2.16,1,1,0,,
439,14,25,2,1,1,1,0.046952,,1,0.52,2.966279,2.376705,6,7,6,0,0,1,17,-0.03125,0,1,2,0.52,1,1,0,1,0
440,14,26,3,1,1,1,0,,1,1.13,2.770156,1.869174,6,7,6,0,0,1,19,1.96875,0,1,3,1.13,1,0,0,0,0
441,14,27,4,1,1,1,0.0214689,,1,1.03,2.788402,2.000609,4,6,6,0,0,1,5,-12.03125,0,1,4,1.03,1,1,0,1,0
442,14,28,1,0,1,1,,,0,,,,,,,0,1,0,3,-14.03125,0,0,1,0,0,1,0,,
443,14,29,2,0,1,1,0,,1,0.85,2.714641,0.4524422,5,7,7,0,0,1,31,13.96875,0,1,2,0.85,1,0,0,0,0
444,14,30,3,0,1,1,,,1,0.26,2.803433,0.8019434,7,7,7,0,0,1,18,0.96875,0,1,3,0.26,1,0,0,0,0
445,14,31,4,0,1,1,,,1,1.04,2.789867,0.224443,6,7,7,0,0,1,11,-6.03125,0,1,4,1.04,1,0,0,0,0
446,15,0,1,1,0,0,,,1,0.27,2.05455,3.33022,4,,,0,0,1,22,4.5,0,1,1,0.27,1,0,0,,
447,15,1,2,1,0,0,0,0,1,1.08,2.417839,2.215648,6,2,5,0,0,1,30,12.5,0,1,2,1.08,1,0,0,0,0
448,15,2,3,1,0,0,0,0,1,0.27,2.3703,3.032833,7,7,7,0,0,1,10,-7.5,0,1,3,0.27,1,0,0,0,0
449,15,3,4,1,0,0,0,,1,1.05,2.012288,2.464542,7,7,6,0,0,1,19,1.5,0,1,4,1.05,1,0,0,0,0
450,15,4,1,0,0,0,,,0,,,,,,,0,1,0,12,-5.5,0,0,1,0,0,0,0,,
451,15,5,2,0,0,0,,,1,0.17,1.661337,1.451876,2,,,0,0,1,26,8.5,1,1,2,0.17,1,0,0,0,0
452,15,6,3,0,0,0,,,,,,,,,,1,0,,18,0.5,0,0,3,-5.02,1,0,0,,
453,15,7,4,0,0,0,0,,1,1.2,1.852207,0.6934901,7,7,7,0,0,1,24,6.5,0,1,4,1.2,1,0,0,0,0
454,15,8,1,1,1,0,,,1,1.73,2.092069,1.880026,7,,,0,0,1,25,7.5,0,1,1,1.73,1,0,0,,
455,15,9,2,1,1,0,,,1,,2.09154,3.426592,5,4,3,0,1,1,4,-13.5,0,1,2,-0.08,1,0,0,0,0
456,15,10,3,1,1,0,0,0,1,0.6,2.233483,2.860853,7,7,6,0,0,1,16,-1.5,0,1,3,0.6,1,0,0,0,0
457,15,11,4,1,1,0,0,,1,0.68,2.142338,2.802623,7,6,7,0,0,1,32,14.5,0,1,4,0.68,1,0,0,0,0
458,15,12,1,0,1,0,,,,,,,,,,1,0,,29,11.5,0,0,1,-5.02,1,0,0,,
459,15,13,2,0,1,0,,,,,,,,,,1,0,,9,-8.5,0,0,2,-5.02,1,0,0,,
460,15,14,3,0,1,0,,,,,,,,,,1,0,,33,15.5,0,0,3,-5.02,1,0,0,,
461,15,15,4,0,1,0,,,,,,,,,,1,0,,5,-12.5,0,0,4,-2.6,1,0,0,,
462,15,16,1,1,0,1,,,1,1.43,1.986266,2.178637,4,,,0,0,1,13,-4.5,0,1,1,1.43,1,1,0,,
463,15,17,2,1,0,1,0,0,1,1.04,2.690716,1.910702,7,1,2,0,0,1,11,-6.5,0,1,2,1.04,1,0,0,0,0
464,15,18,3,1,0,1,0,,1,1.08,2.183748,2.407925,7,7,5,0,0,1,2,-15.5,0,1,3,1.08,1,0,0,0,0
465,15,19,4,1,0,1,0,0,1,1.07,2.193349,2.314967,7,6,7,0,0,1,27,9.5,0,1,4,1.07,1,0,0,0,0
466,15,20,1,0,0,1,,,0,,,,,,,0,0,0,21,3.5,0,0,1,4.89,0,0,0,,
467,15,21,2,0,0,1,0,0,1,0.71,2.768021,0.5223769,4,2,1,0,0,1,15,-2.5,0,1,2,0.71,1,0,0,0,0
468,15,22,3,0,0,1,0,0,1,1.1,2.441287,0.3991706,7,6,5,0,0,1,3,-14.5,0,1,3,1.1,1,0,0,0,0
469,15,23,4,0,0,1,0,,1,1.35,2.057615,0.4420509,6,7,7,0,0,1,20,2.5,0,1,4,1.35,1,0,0,0,0
470,15,24,1,1,1,1,,,1,,1.85569,3.182917,4,,,0,1,1,6,-11.5,0,1,1,-0.08,1,0,0,,
471,15,25,2,1,1,1,,0,1,0.02,1.859552,3.447319,4,3,4,0,0,1,28,10.5,0,1,2,0.02,1,0,0,0,0
472,15,26,3,1,1,1,,0,1,0.02,2.226049,3.427114,6,6,4,0,0,1,8,-9.5,0,1,3,0.02,1,0,0,0,0
473,15,27,4,1,1,1,,0,1,,1.987225,3.179369,4,6,3,0,1,1,17,-0.5,0,1,4,-0.14,1,0,0,0,0
474,15,28,1,0,1,1,,,,,,,,,,1,0,,23,5.5,0,0,1,-5.02,1,0,0,,
475,15,29,2,0,1,1,,0,1,,2.138674,1.375919,6,4,3,0,1,1,31,13.5,0,1,2,-0.1,1,0,0,0,0
476,15,30,3,0,1,1,,,1,0.07,1.892284,1.406006,5,4,1,0,0,1,14,-3.5,0,1,3,0.07,1,0,0,0,0
477,15,31,4,0,1,1,0,,1,1.51,1.762864,0.5317945,6,5,4,0,0,1,7,-10.5,0,1,4,1.51,1,0,0,0,0
478,16,0,1,1,0,0,,,1,,2.954192,2.786184,5,,,0,1,1,26,7.9375,0,1,1,-0.04,1,1,1,,
479,16,1,2,1,0,0,0.2225668,0.4527959,1,1.15,2.858057,1.724759,6,7,7,0,0,1,10,-8.0625,0,1,2,1.15,1,1,1,1,1
480,16,2,3,1,0,0,0.8634552,,1,1.41,2.724051,1.570761,6,6,6,0,0,1,9,-9.0625,0,1,3,1.41,1,1,0,1,0
481,16,3,4,1,0,0,0.6865867,,1,1.11,2.680121,1.87581,5,6,7,0,0,1,32,13.9375,0,1,4,1.11,1,1,0,1,0
482,16,4,1,0,0,0,,,0,,,,,,,0,1,0,20,1.9375,0,0,1,0,0,1,0,,
483,16,5,2,0,0,0,0.19391009,0.0904676,1,0.33,3.096019,0.5353865,5,6,5,0,0,1,30,11.9375,0,1,2,0.33,1,1,1,1,1
484,16,6,3,0,0,0,0.1544552,,1,1.04,2.849227,0.08345149,6,6,6,0,0,1,7,-11.0625,0,1,3,1.04,1,1,0,1,0
485,16,7,4,0,0,0,0.1565453,,1,1.19,2.584737,0.1866385,4,6,5,0,0,1,31,12.9375,0,1,4,1.19,1,1,0,1,0
486,16,8,1,1,1,0,,,1,1.4,2.711864,1.573434,4,,,0,0,1,23,4.9375,0,1,1,1.4,1,1,0,,
487,16,9,2,1,1,0,0.0427104,,1,1.05,2.918213,1.752428,5,6,6,0,0,1,18,-0.0625,0,1,2,1.05,1,1,0,1,0
488,16,10,3,1,1,0,0.0676918,,1,0.1,2.674083,2.925066,4,5,5,0,0,1,17,-1.0625,0,1,3,0.1,1,1,0,1,0
489,16,11,4,1,1,0,,,1,,2.766615,3.030978,4,5,5,0,1,1,33,14.9375,0,1,4,-0.08,1,0,0,0,0
490,16,12,1,0,1,0,,,0,,,,,,,0,1,0,11,-7.0625,0,0,1,0,0,1,0,,
491,16,13,2,0,1,0,0.3332536,,-1,,,,,5,7,0,0,0,22,3.9375,0,0,2,1.18,-1,1,0,1,0
492,16,14,3,0,1,0,0,0.0450324,1,0.09,2.779419,0.9037471,5,6,5,0,0,1,35,16.9375,0,1,3,0.09,1,0,1,0,1
493,16,15,4,0,1,0,,0.1348125,1,0.08,3.058855,0.7076753,6,6,6,0,0,1,16,-2.0625,0,1,4,0.08,1,0,1,0,1
494,16,16,1,1,0,1,,,1,2.06,2.635191,0.9881879,5,,,0,0,1,6,-12.0625,0,1,1,2.06,1,1,0,,
495,16,17,2,1,0,1,0.5536292,,1,1.09,2.547663,2.063955,4,5,5,0,0,1,4,-14.0625,0,1,2,1.09,1,1,0,1,0
496,16,18,3,1,0,1,0.4679916,,1,1.78,2.635724,1.275662,4,5,6,0,0,1,1,-17.0625,0,1,3,1.78,1,1,0,1,0
497,16,19,4,1,0,1,0.0443558,,1,1.06,3.051089,1.610154,6,6,7,0,0,1,21,2.9375,0,1,4,1.06,1,1,0,1,0
498,16,20,1,0,0,1,,,0,,,,,,,0,1,0,13,-5.0625,0,0,1,0,0,1,0,,
499,16,21,2,0,0,1,0.4895459,,-1,,,,,6,7,0,0,0,29,10.9375,0,0,2,1.02,-1,1,0,1,0
500,16,22,3,0,0,1,0.1777302,,1,0.91,3.028976,0.03572661,4,6,6,0,0,1,34,15.9375,0,1,3,0.91,1,1,0,1,0
501,16,23,4,0,0,1,0.6676501,,1,0.98,3.014103,-0.03220245,6,6,7,0,0,1,27,8.9375,0,1,4,0.98,1,1,0,1,0
502,16,24,1,1,1,1,,,1,0.04,2.555162,3.068773,5,,,0,0,1,28,9.9375,0,1,1,0.04,1,0,0,,
503,16,25,2,1,1,1,0.3348324,,1,1.04,2.821289,1.875986,6,6,6,0,0,1,8,-10.0625,0,1,2,1.04,1,1,0,1,0
504,16,26,3,1,1,1,0,,1,0.76,2.534229,2.421158,5,6,6,0,0,1,5,-13.0625,0,1,3,0.76,1,0,0,0,0
505,16,27,4,1,1,1,0.0898482,,1,0.4,3.008382,2.333843,4,5,5,0,0,1,19,0.9375,0,1,4,0.4,1,1,0,1,0
506,16,28,1,0,1,1,,,0,,,,,,,0,0,0,12,-6.0625,0,0,1,5.15,0,1,0,,
507,16,29,2,0,1,1,,,1,0.04,2.646773,0.9452457,5,6,6,0,0,1,2,-16.0625,0,1,2,0.04,1,0,0,0,0
508,16,30,3,0,1,1,0,,1,0.6,2.907387,0.4459515,6,6,7,0,0,1,15,-3.0625,0,1,3,0.6,1,0,0,0,0
509,16,31,4,0,1,1,,,,,,,,,,1,0,,14,-4.0625,0,0,4,-5.02,1,0,0,,
510,17,0,1,1,0,0,,,1,1.52,2.007197,2.18519,4,,,0,0,1,1,-17.28125,0,1,1,1.52,1,0,0,,
511,17,1,2,1,0,0,0.5023861,0.4993911,1,0.94,1.985558,2.777144,6,4,7,0,0,1,24,5.71875,0,1,2,0.94,1,1,1,1,1
512,17,2,3,1,0,0,0.7090628,0.062788,1,1.04,2.175166,2.620576,6,7,7,0,0,1,16,-2.28125,0,1,3,1.04,1,1,1,1,1
513,17,3,4,1,0,0,0.5564376,0.0409092,1,1.03,1.810203,2.842213,7,7,7,0,0,1,29,10.71875,0,1,4,1.03,1,1,1,1,1
514,17,4,1,0,0,0,,,0,,,,,,,0,1,0,34,15.71875,0,0,1,0,0,1,0,,
515,17,5,2,0,0,0,,,,,,,,,,1,0,,6,-12.28125,0,0,2,-5.02,0,0,0,,
516,17,6,3,0,0,0,0.7497111,0,1,0.85,1.972578,0.9225377,5,6,7,0,0,1,26,7.71875,0,1,3,0.85,1,1,0,1,0
517,17,7,4,0,0,0,0.9314324,0.7682888,1,0.98,1.722942,0.9130237,6,7,7,0,0,1,30,11.71875,0,1,4,0.98,1,1,1,1,1
518,17,8,1,1,1,0,,,1,2.02,1.911176,1.723519,6,,,0,0,1,17,-1.28125,0,1,1,2.02,1,1,0,,
519,17,9,2,1,1,0,2.434413,0.1818938,1,2.51,1.8485,1.301646,7,4,5,0,0,1,28,9.71875,0,1,2,2.51,1,1,1,1,1
520,17,10,3,1,1,0,0.6441272,0.3726616,1,0.93,1.943716,2.846193,7,6,7,0,0,1,27,8.71875,0,1,3,0.93,1,1,1,1,1
521,17,11,4,1,1,0,0,0,1,0.99,1.775616,2.843371,6,7,7,0,0,1,13,-5.28125,0,1,4,0.99,1,0,0,0,0
522,17,12,1,0,1,0,,,0,,,,,,,0,1,0,21,2.71875,0,0,1,0,0,1,0,,
523,17,13,2,0,1,0,0.6879788,,1,1.09,1.887923,0.767003,4,5,7,0,0,1,18,-0.28125,0,1,2,1.09,1,1,0,1,0
524,17,14,3,0,1,0,0,0,1,0.89,1.74739,0.9774326,6,6,7,0,0,1,3,-15.28125,0,1,3,0.89,1,0,0,0,0
525,17,15,4,0,1,0,0,0,1,1.13,1.643582,0.837163,7,7,7,0,0,1,11,-7.28125,0,1,4,1.13,1,0,0,0,0
526,17,16,1,1,0,1,,,1,1.59,1.680541,2.318381,6,,,0,0,1,10,-8.28125,0,1,1,1.59,1,0,0,,
527,17,17,2,1,0,1,,,1,0.06,1.803273,3.295604,6,,,0,0,1,8,-10.28125,1,1,2,0.06,1,0,0,0,0
528,17,18,3,1,0,1,,,1,0.15,1.763001,3.332082,5,,,0,0,1,9,-9.28125,1,1,3,0.15,1,0,0,0,0
529,17,19,4,1,0,1,0.3136839,0.1688609,1,0.98,1.877259,2.820719,7,7,7,0,0,1,19,0.71875,0,1,4,0.98,1,1,1,1,1
530,17,20,1,0,0,1,,,0,,,,,,,0,0,0,33,14.71875,0,0,1,5.16,0,1,0,,
531,17,21,2,0,0,1,0.2005972,0.7886095,1,0.11,1.898592,1.389748,6,4,6,0,0,1,32,13.71875,0,1,2,0.11,1,1,1,1,1
532,17,22,3,0,0,1,0,,1,0.95,1.713362,0.9441145,6,6,7,0,0,1,2,-16.28125,0,1,3,0.95,1,0,0,0,0
533,17,23,4,0,0,1,0.1548461,0.7975256,1,0.78,1.913292,0.9428235,5,7,7,0,0,1,35,16.71875,0,1,4,0.78,1,1,1,1,1
534,17,24,1,1,1,1,,,1,1.55,1.846552,2.146714,7,,,0,0,1,20,1.71875,0,1,1,1.55,1,1,1,,
535,17,25,2,1,1,1,0,,1,0.73,1.640707,3.331296,6,5,7,0,0,1,4,-14.28125,0,1,2,0.73,1,0,0,0,0
536,17,26,3,1,1,1,0,0,1,1.08,1.667648,2.848361,7,7,7,0,0,1,12,-6.28125,0,1,3,1.08,1,0,0,0,0
537,17,27,4,1,1,1,0.6011044,0.0851602,1,0.91,1.901602,2.909193,7,7,7,0,0,1,25,6.71875,0,1,4,0.91,1,1,1,1,1
538,17,28,1,0,1,1,,,0,,,,,,,0,1,0,5,-13.28125,0,0,1,0,0,0,0,,
539,17,29,2,0,1,1,,,0,,,,,,,0,1,0,14,-4.28125,0,0,2,0,0,0,0,0,
540,17,30,3,0,1,1,0.0449933,0.0400722,1,0.81,1.827807,0.9991406,6,7,7,0,0,1,22,3.71875,0,1,3,0.81,1,1,1,1,1
541,17,31,4,0,1,1,0.3121546,0.5027664,1,0.89,1.797878,0.9522548,6,7,7,0,0,1,31,12.71875,0,1,4,0.89,1,1,1,1,1
542,18,0,1,1,0,0,,,1,2.46,2.114169,1.034338,6,,,0,0,1,21,4.5,0,1,1,2.46,1,1,0,,
543,18,1,2,1,0,0,0.0646468,0,1,1.39,2.236236,1.9342,7,4,4,0,0,1,19,2.5,0,1,2,1.39,1,1,0,1,0
544,18,2,3,1,0,0,0,,1,1.31,2.317815,2.093709,5,5,6,0,0,1,4,-12.5,0,1,3,1.31,1,0,0,0,0
545,18,3,4,1,0,0,0,0,1,1.8,2.710182,1.222745,6,7,6,0,0,1,27,10.5,0,1,4,1.8,1,0,0,0,0
546,18,4,1,0,0,0,,,0,,,,,,,0,1,0,10,-6.5,0,0,1,0,0,0,0,,
547,18,5,2,0,0,0,,,0,,,,,,,0,1,0,5,-11.5,0,0,2,0,0,0,0,0,
548,18,6,3,0,0,0,0,0,1,1.33,1.944565,0.5026222,2,5,4,0,0,1,20,3.5,0,1,3,1.33,1,0,0,0,0
549,18,7,4,0,0,0,,,0,,,,,,,0,1,0,25,8.5,0,0,4,0,0,0,0,0,
550,18,8,1,1,1,0,,,1,2.51,2.028659,1.122268,5,,,0,0,1,8,-8.5,0,1,1,2.51,1,0,0,,
551,18,9,2,1,1,0,0,0,1,1.11,2.232245,2.392688,5,4,5,0,0,1,32,15.5,0,1,2,1.11,1,0,0,0,0
552,18,10,3,1,1,0,,0,1,0.23,2.160027,3.295915,4,,,0,0,1,13,-3.5,1,1,3,0.23,1,0,0,0,0
553,18,11,4,1,1,0,0,,1,0.62,2.889987,2.270486,6,6,5,0,0,1,1,-15.5,0,1,4,0.62,1,0,0,0,0
554,18,12,1,0,1,0,,,0,,,,,,,0,1,0,11,-5.5,0,0,1,0,0,0,0,,
555,18,13,2,0,1,0,,,1,0.04,2.340537,1.165097,4,,,0,0,1,2,-14.5,1,1,2,0.04,1,0,0,0,0
556,18,14,3,0,1,0,,,0,,,,,,,0,1,0,3,-13.5,0,0,3,0,0,0,0,0,
557,18,15,4,0,1,0,0,0,1,0.96,2.079339,0.6694137,4,7,6,0,0,1,17,0.5,0,1,4,0.96,1,0,0,0,0
558,18,16,1,1,0,1,,,1,2.07,2.826019,0.8766012,7,,,0,0,1,24,7.5,0,1,1,2.07,1,0,0,,
559,18,17,2,1,0,1,0,0,1,0.98,2.524531,2.300378,7,4,2,0,0,1,26,9.5,0,1,2,0.98,1,0,0,0,0
560,18,18,3,1,0,1,0,0,1,1.06,2.121159,2.453092,6,6,6,0,0,1,30,13.5,0,1,3,1.06,1,0,0,0,0
561,18,19,4,1,0,1,0,0,1,0.96,2.22098,2.51248,7,7,7,0,0,1,22,5.5,0,1,4,0.96,1,0,0,0,0
562,18,20,1,0,0,1,,,0,,,,,,,0,1,0,14,-2.5,0,0,1,0,0,0,0,,
563,18,21,2,0,0,1,0,0,1,0.8,2.273224,0.7495224,3,2,2,0,0,1,16,-0.5,0,1,2,0.8,1,0,0,0,0
564,18,22,3,0,0,1,,,0,,,,,,,0,1,0,18,1.5,0,0,3,0,0,0,0,0,
565,18,23,4,0,0,1,0,0,1,1,2.010788,0.6963305,2,7,5,0,0,1,15,-1.5,0,1,4,1,1,0,0,0,0
566,18,24,1,1,1,1,,,1,1.85,2.488761,1.334985,2,,,0,0,1,28,11.5,0,1,1,1.85,1,0,0,,
567,18,25,2,1,1,1,0,,1,0.93,2.079792,2.678269,2,4,5,0,0,1,12,-4.5,0,1,2,0.93,1,0,0,0,0
568,18,26,3,1,1,1,0,,1,0.97,2.172788,2.585893,4,6,4,0,0,1,7,-9.5,0,1,3,0.97,1,0,0,0,0
569,18,27,4,1,1,1,0,0,1,0.84,2.087079,2.770365,7,7,7,0,0,1,23,6.5,0,1,4,0.84,1,0,0,0,0
570,18,28,1,0,1,1,,,0,,,,,,,0,1,0,29,12.5,0,0,1,0,0,0,0,,
571,18,29,2,0,1,1,0,,1,1.16,2.123442,0.592003,1,4,4,0,0,1,31,14.5,0,1,2,1.16,1,0,0,0,0
572,18,30,3,0,1,1,,,0,,,,,,,0,1,0,9,-7.5,0,0,3,0,0,0,0,0,
573,18,31,4,0,1,1,0,,1,1.06,2.065257,0.6917737,4,6,6,0,0,1,6,-10.5,0,1,4,1.06,1,0,0,0,0
574,19,0,1,1,0,0,,,1,1.89,2.765443,1.117042,6,,,0,0,1,33,15.5,0,1,1,1.89,1,1,0,,
575,19,1,2,1,0,0,0.2667287,0.0626282,1,1.09,2.782436,1.892952,7,7,7,0,0,1,26,8.5,0,1,2,1.09,1,1,1,1,1
576,19,2,3,1,0,0,,0.0889334,1,1.11,2.998921,1.704418,7,7,7,0,0,1,19,1.5,0,1,3,1.11,1,0,1,0,1
577,19,3,4,1,0,0,0.4172751,0.0420015,1,1.15,2.765149,1.912892,7,7,7,0,0,1,23,5.5,0,1,4,1.15,1,1,1,1,1
578,19,4,1,0,0,0,,,0,,,,,,,0,1,0,3,-14.5,0,0,1,0,0,1,0,,
579,19,5,2,0,0,0,0.2222423,0.4197693,1,1.24,2.200548,0.3596482,3,7,7,0,0,1,29,11.5,0,1,2,1.24,1,1,1,1,1
580,19,6,3,0,0,0,0.2701884,0.1013977,1,1.31,2.073412,0.4703351,4,7,5,0,0,1,2,-15.5,0,1,3,1.31,1,1,1,1,1
581,19,7,4,0,0,0,0.4657256,0.0413406,1,1.04,2.208183,0.5389217,5,7,7,0,0,1,7,-10.5,0,1,4,1.04,1,1,1,1,1
582,19,8,1,1,1,0,,,1,1.97,2.688182,1.115313,6,,,0,0,1,21,3.5,0,1,1,1.97,1,1,1,,
583,19,9,2,1,1,0,,0.0979018,1,0.89,2.800073,2.188143,7,7,7,0,0,1,6,-11.5,0,1,2,0.89,1,0,1,0,1
584,19,10,3,1,1,0,0.1083304,0.1683627,1,0.98,2.647341,2.000252,7,7,7,0,0,1,30,12.5,0,1,3,0.98,1,1,1,1,1
585,19,11,4,1,1,0,0.6170585,0.023606,1,1.25,2.715563,1.728459,7,7,7,0,0,1,27,9.5,0,1,4,1.25,1,1,1,1,1
586,19,12,1,0,1,0,,,0,,,,,,,0,1,0,12,-5.5,0,0,1,0,0,1,0,,
587,19,13,2,0,1,0,0.62815769,0.0206352,1,0.93,2.509917,0.4819803,6,7,7,0,0,1,32,14.5,0,1,2,0.93,1,1,1,1,1
588,19,14,3,0,1,0,0.0437797,0.1276376,1,1.13,2.123116,0.5993283,4,7,5,0,0,1,5,-12.5,0,1,3,1.13,1,1,1,1,1
589,19,15,4,0,1,0,,,,,,,,,,1,0,,31,13.5,0,0,4,-5.02,0,0,0,,
590,19,16,1,1,0,1,,,1,2.11,2.531372,1.054564,6,,,0,0,1,4,-13.5,0,1,1,2.11,1,1,1,,
591,19,17,2,1,0,1,0.775075,,1,1.31,2.735736,1.731489,7,7,7,0,0,1,8,-9.5,0,1,2,1.31,1,1,0,1,0
592,19,18,3,1,0,1,0.333706,1.0404037,1,1.19,3.392117,1.30332,7,7,7,0,0,1,13,-4.5,0,1,3,1.19,1,1,1,1,1
593,19,19,4,1,0,1,0.1391751,0,1,0.23,2.783622,2.702474,7,7,7,0,0,1,25,7.5,0,1,4,0.23,1,1,0,1,0
594,19,20,1,0,0,1,,,0,,,,,,,0,1,0,10,-7.5,0,0,1,0,0,1,0,,
595,19,21,2,0,0,1,0.2915043,0.1330286,1,0.98,2.328599,0.5313011,7,7,7,0,0,1,16,-1.5,0,1,2,0.98,1,1,1,1,1
596,19,22,3,0,0,1,0.7264716,0.1356151,1,1.03,2.57855,0.3416814,6,7,6,0,0,1,15,-2.5,0,1,3,1.03,1,1,1,1,1
597,19,23,4,0,0,1,0.33183,0.0673966,1,1.28,2.501028,0.1345904,2,7,4,0,0,1,22,4.5,0,1,4,1.28,1,1,1,1,1
598,19,24,1,1,1,1,,,1,1.49,2.797359,1.592458,7,,,0,0,1,18,0.5,0,1,1,1.49,1,1,1,,
599,19,25,2,1,1,1,0.0923549,0,1,0.8,3.061608,1.930451,7,7,6,0,0,1,9,-8.5,0,1,2,0.8,1,1,0,1,0
600,19,26,3,1,1,1,0,0.1665043,1,0.19,3.031181,2.591349,7,7,6,0,0,1,17,-0.5,0,1,3,0.19,1,0,1,0,1
601,19,27,4,1,1,1,0.5188904,0.2710627,1,1.33,2.709607,1.638371,7,7,7,0,0,1,11,-6.5,0,1,4,1.33,1,1,1,1,1
602,19,28,1,0,1,1,,,1,0.36,2.641417,0.8067385,6,,,0,0,1,28,10.5,0,1,1,0.36,1,1,1,,
603,19,29,2,0,1,1,0.5148459,0.0888217,1,1.4,2.398106,0.2717782,4,6,5,0,0,1,14,-3.5,0,1,2,1.4,1,1,1,1,1
604,19,30,3,0,1,1,0.379733,0,1,0.76,2.620084,0.5075188,6,7,7,0,0,1,24,6.5,0,1,3,0.76,1,1,0,1,0
605,19,31,4,0,1,1,,,0,,,,,,,0,1,0,20,2.5,0,0,4,0,0,1,0,1,
606,20,0,1,1,0,0,,,1,2.04,2.505539,1.152291,6,,,0,0,1,10,-6,0,1,1,2.04,1,1,1,,
607,20,1,2,1,0,0,0.6325638,0.1810841,1,0.99,2.445577,2.208842,5,6,6,0,0,1,1,-15,0,1,2,0.99,1,1,1,1,1
608,20,2,3,1,0,0,,0.5793146,1,,2.94122,3.155869,6,7,7,0,1,1,26,10,0,1,3,-0.26,1,0,1,0,1
609,20,3,4,1,0,0,0.3785765,,1,0.89,2.210287,2.535824,7,7,7,0,0,1,14,-2,0,1,4,0.89,1,1,0,1,0
610,20,4,1,0,0,0,,,0,,,,,,,0,0,0,17,1,0,0,1,3.89,0,0,0,,
611,20,5,2,0,0,0,0.4722848,0.0417613,1,0.78,2.427348,0.6837773,4,7,7,0,0,1,12,-4,0,1,2,0.78,1,1,1,1,1
612,20,6,3,0,0,0,,,,,,,,,,1,0,,28,12,0,0,3,-5.02,-1,0,0,,
613,20,7,4,0,0,0,0.5498051,0.3439983,1,1.14,2.543284,0.3816572,2,7,7,0,0,1,2,-14,0,1,4,1.14,1,1,1,1,1
614,20,8,1,1,1,0,,,1,,2.58917,3.476282,7,,,0,1,1,29,13,0,1,1,-0.34,1,0,1,,
615,20,9,2,1,1,0,,0.2113511,1,,2.67495,3.394532,4,7,7,0,1,1,23,7,0,1,2,-0.48,1,0,1,0,1
616,20,10,3,1,1,0,0.5350321,0.5215189,1,1.13,2.460016,2.163806,7,7,7,0,0,1,8,-8,0,1,3,1.13,1,1,1,1,1
617,20,11,4,1,1,0,0.4665801,,1,0.93,2.614659,2.256781,7,7,7,0,0,1,5,-11,0,1,4,0.93,1,1,0,1,0
618,20,12,1,0,1,0,,,0,,,,,,,0,0,0,11,-5,0,0,1,4.36,0,0,0,,
619,20,13,2,0,1,0,,,,,,,,,,1,0,,4,-12,0,0,2,-5.02,0,1,0,,
620,20,15,4,0,1,0,0.7554379,,1,0.86,2.304074,0.6089974,4,7,7,0,0,1,7,-9,0,1,4,0.86,1,1,0,1,0
621,20,16,1,1,0,1,,,1,1.35,2.433734,1.905055,6,,,0,0,1,13,-3,0,1,1,1.35,1,1,1,,
622,20,17,2,1,0,1,,0.769659,1,,2.718396,3.366095,7,7,4,0,1,1,19,3,0,1,2,-0.48,1,0,1,0,1
623,20,18,3,1,0,1,,0.4666437,1,,2.848704,3.291436,7,7,7,0,1,1,25,9,0,1,3,-0.32,1,0,1,0,1
624,20,19,4,1,0,1,0.4607611,0.34257309,1,0.84,2.604371,2.253493,7,7,7,0,0,1,9,-7,0,1,4,0.84,1,1,1,1,1
625,20,20,1,0,0,1,,,0,,,,,,,0,0,0,16,0,0,0,1,4.72,0,1,0,,
626,20,21,2,0,0,1,0.2864679,0,1,0.78,2.643026,0.4818027,3,7,4,0,0,1,21,5,0,1,2,0.78,1,1,0,1,0
627,20,22,3,0,0,1,,0.4694445,1,,2.880465,1.025361,7,7,7,0,1,1,24,8,0,1,3,-0.14,1,0,1,0,1
628,20,23,4,0,0,1,0.136273,0.1769424,1,0.24,2.227687,1.110009,7,7,4,0,0,1,15,-1,0,1,4,0.24,1,1,1,1,1
629,20,24,1,1,1,1,,,1,,3.096288,3.147477,7,,,0,1,1,20,4,0,1,1,-0.52,1,0,1,,
630,20,25,2,1,1,1,,0.3824463,1,,2.554006,3.439408,6,7,7,0,1,1,22,6,0,1,2,-0.28,1,0,1,0,1
631,20,26,3,1,1,1,0.5778081,0.2850859,1,0.93,2.260856,2.48682,7,7,7,0,0,1,3,-13,0,1,3,0.93,1,1,1,1,1
632,20,27,4,1,1,1,,0.523301,1,,2.572846,3.204686,7,7,7,0,1,1,31,15,0,1,4,-0.08,1,0,1,0,1
633,20,28,1,0,1,1,,,0,,,,,,,0,0,0,30,14,0,0,1,4.11,0,0,0,,
634,20,29,2,0,1,1,0.4229332,0.0900777,1,0.84,2.187588,0.6891709,4,7,7,0,0,1,18,2,0,1,2,0.84,1,1,1,1,1
635,20,30,3,0,1,1,,0.8458343,1,,2.743654,1.044772,6,7,7,0,1,1,27,11,0,1,3,-0.16,1,0,1,0,1
636,20,31,4,0,1,1,,,0,,,,,,,0,0,0,6,-10,0,0,4,5.19,0,1,0,1,
637,21,0,1,1,0,0,,,1,1.69,2.766545,1.362341,7,,,0,0,1,17,0.5,0,1,1,1.69,1,1,0,,
638,21,1,2,1,0,0,,0.0463669,1,,3.468699,2.569476,6,7,7,0,1,1,22,5.5,0,1,2,-0.28,1,0,1,0,1
639,21,2,3,1,0,0,,0.2858896,1,,3.763685,2.31506,6,7,6,0,1,1,15,-1.5,0,1,3,-0.24,1,0,1,0,1
640,21,3,4,1,0,0,0.1535496,0.0701277,1,0.93,2.4402,2.370245,7,7,7,0,0,1,8,-8.5,0,1,4,0.93,1,1,1,1,1
641,21,4,1,0,0,0,,,0,,,,,,,0,0,0,16,-0.5,0,0,1,5.31,0,1,0,,
642,21,5,2,0,0,0,0,0,1,0.18,2.581244,0.9970398,7,7,7,0,0,1,29,12.5,0,1,2,0.18,1,0,0,0,0
643,21,6,3,0,0,0,0.3120469,0.1104844,1,0.89,2.410597,0.7332159,7,7,7,0,0,1,12,-4.5,0,1,3,0.89,1,1,1,1,1
644,21,7,4,0,0,0,1.0681057,0.2448311,1,1.18,2.47453,0.4388381,6,7,7,0,0,1,28,11.5,0,1,4,1.18,1,1,1,1,1
645,21,8,1,1,1,0,,,1,,2.879041,3.609011,6,,,0,1,1,31,14.5,0,1,1,-0.76,1,0,0,,
646,21,9,2,1,1,0,0.3541401,0,1,0.75,3.320729,1.773417,7,7,7,0,0,1,1,-15.5,0,1,2,0.75,1,1,0,1,0
647,21,10,3,1,1,0,0,0.9079757,1,0.95,2.721624,2.121219,7,7,7,0,0,1,19,2.5,0,1,3,0.95,1,0,1,0,1
648,21,11,4,1,1,0,0.1997128,0.5016367,1,0.8,2.521746,2.494258,7,7,7,0,0,1,10,-6.5,0,1,4,0.8,1,1,1,1,1
649,21,12,1,0,1,0,,,0,,,,,,,0,1,0,30,13.5,0,0,1,0,0,1,0,,
650,21,13,2,0,1,0,,0.090186,1,,3.568878,0.6091039,6,7,7,0,1,1,7,-9.5,0,1,2,-0.24,1,0,1,0,1
651,21,14,3,0,1,0,0.470644,0.1099583,1,0.77,2.363962,0.6895076,7,7,7,0,0,1,20,3.5,0,1,3,0.77,1,1,1,1,1
652,21,15,4,0,1,0,0.3099098,0.0668507,1,0.8,2.377168,0.6952137,6,7,7,0,0,1,11,-5.5,0,1,4,0.8,1,1,1,1,1
653,21,16,1,1,0,1,,,1,1.38,3.543603,0.9501452,6,,,0,0,1,3,-13.5,0,1,1,1.38,1,1,1,,
654,21,17,2,1,0,1,0.665136,0,1,0.98,2.976893,1.831587,7,7,7,0,0,1,4,-12.5,0,1,2,0.98,1,1,0,1,0
655,21,18,3,1,0,1,0.066502,0.5541317,1,0.57,3.075257,2.241055,7,7,7,0,0,1,5,-11.5,0,1,3,0.57,1,1,1,1,1
656,21,19,4,1,0,1,,0.5330455,1,,2.700462,3.166314,7,7,6,0,1,1,27,10.5,0,1,4,-0.1,1,0,1,0,1
657,21,20,1,0,0,1,,,0,,,,,,,0,0,0,9,-7.5,0,0,1,5.13,0,1,0,,
658,21,21,2,0,0,1,0.5679259,0.2014133,1,0.65,2.41421,0.8180717,7,7,6,0,0,1,21,4.5,0,1,2,0.65,1,1,1,1,1
659,21,22,3,0,0,1,0.2210259,0.4003623,1,0.51,2.419824,0.8578947,7,7,6,0,0,1,26,9.5,0,1,3,0.51,1,1,1,1,1
660,21,23,4,0,0,1,,0.668688,1,,3.164534,0.8039343,6,7,6,0,1,1,23,6.5,0,1,4,-0.18,1,0,1,0,1
661,21,24,1,1,1,1,,,1,1.32,2.486734,1.911202,6,,,0,0,1,18,1.5,0,1,1,1.32,1,1,0,,
662,21,25,2,1,1,1,,0.200368,1,,2.695487,3.524863,7,7,5,0,1,1,24,7.5,0,1,2,-0.5,1,0,1,0,1
663,21,26,3,1,1,1,0,0,1,0.34,2.484251,3.007777,7,7,7,0,0,1,13,-3.5,0,1,3,0.34,1,0,1,0,1
664,21,27,4,1,1,1,0.1961585,0,1,0.65,2.869321,2.319973,7,7,7,0,0,1,2,-14.5,0,1,4,0.65,1,1,0,1,0
665,21,28,1,0,1,1,,,1,,2.645348,1.239533,6,,,0,1,1,32,15.5,0,1,1,-0.3,1,0,1,,
666,21,29,2,0,1,1,0.1535871,0.4884673,1,0.42,2.833201,0.7519754,7,7,7,0,0,1,25,8.5,0,1,2,0.42,1,1,1,1,1
667,21,30,3,0,1,1,0.3524456,0.0661863,1,0.36,2.675745,0.7307113,6,7,7,0,0,1,6,-10.5,0,1,3,0.36,1,1,1,1,1
668,21,31,4,0,1,1,0.2959152,0.0854085,1,0.65,2.428365,0.8227316,6,7,7,0,0,1,14,-2.5,0,1,4,0.65,1,1,1,1,1
669,22,0,1,1,0,0,,,1,0.04,2.531738,3.258147,7,,,0,0,1,3,-16.1875,0,1,1,0.04,1,0,1,,
670,22,1,2,1,0,0,,0.0659767,1,0.18,2.511172,2.946275,7,5,5,0,0,1,32,12.8125,0,1,2,0.18,1,0,1,0,1
671,22,2,3,1,0,0,,,,,,,,,,1,0,,13,-6.1875,0,0,3,-5.02,1,0,0,,
672,22,3,4,1,0,0,0.5776225,0.1921286,1,2.13,2.331729,1.148685,7,7,7,0,0,1,33,13.8125,0,1,4,2.13,1,1,1,1,1
673,22,4,1,0,0,0,,,0,,,,,,,0,1,0,18,-1.1875,0,0,1,0,0,1,0,,
674,22,5,2,0,0,0,0.9317215,0.2495382,1,1.2,2.509438,0.4412346,4,1,3,0,0,1,9,-10.1875,0,1,2,1.2,1,1,1,1,1
675,22,6,3,0,0,0,0,0.9959275,1,0.04,2.776024,0.915973,7,6,5,0,0,1,20,0.8125,0,1,3,0.04,1,0,1,0,1
676,22,7,4,0,0,0,,0.3790407,1,0.99,2.27678,0.5767641,5,7,6,0,0,1,34,14.8125,0,1,4,0.99,1,0,1,0,1
677,22,8,1,1,1,0,,,1,1.35,2.553866,1.778714,7,,,0,0,1,35,15.8125,0,1,1,1.35,1,0,0,,
678,22,9,2,1,1,0,,,,,,,,,,1,0,,23,3.8125,0,0,2,-5.02,1,0,0,,
679,22,10,3,1,1,0,,0.0199805,1,0.11,2.332129,3.157044,7,6,6,0,0,1,24,4.8125,0,1,3,0.11,1,0,1,0,1
680,22,11,4,1,1,0,,0.3283943,1,0.08,2.418555,3.212371,7,7,4,0,0,1,14,-5.1875,0,1,4,0.08,1,0,1,0,1
681,22,12,1,0,1,0,,,,,,,,,,1,0,,17,-2.1875,0,0,1,-2.56,1,0,0,,
682,22,13,2,0,1,0,0,0.0480373,1,0.2,2.355704,1.04264,7,6,6,0,0,1,25,5.8125,0,1,2,0.2,1,0,1,0,1
683,22,14,3,0,1,0,,,,,,,,,,1,0,,8,-11.1875,0,0,3,-2.56,1,0,0,,
684,22,15,4,0,1,0,,0.0444442,1,0.09,2.642101,0.9768137,7,7,6,0,0,1,37,17.8125,0,1,4,0.09,1,0,1,0,1
685,22,16,1,1,0,1,,,1,0.16,2.479768,3.008293,7,,,0,0,1,28,8.8125,0,1,1,0.16,1,0,1,,
686,22,17,2,1,0,1,0.1969947,0.1256853,1,0.6,2.512527,2.631867,7,4,4,0,0,1,10,-9.1875,0,1,2,0.6,1,1,1,1,1
687,22,18,3,1,0,1,,0.1653657,1,0.91,2.409233,2.449744,6,6,7,0,0,1,2,-17.1875,0,1,3,0.91,1,0,1,0,1
688,22,19,4,1,0,1,0.3777849,0.4946166,1,0.84,2.688392,2.211306,7,7,4,0,0,1,4,-15.1875,0,1,4,0.84,1,1,1,1,1
689,22,20,1,0,0,1,,,1,0.04,2.48063,1.143501,7,,,0,0,1,26,6.8125,0,1,1,0.04,1,0,1,,
690,22,21,2,0,0,1,0.333824,0.2853833,1,0.84,2.755185,0.4835297,4,2,2,0,0,1,7,-12.1875,0,1,2,0.84,1,1,1,1,1
691,22,22,3,0,0,1,0.0884452,0.664794,1,0.68,2.711205,0.5573386,4,6,4,0,0,1,15,-4.1875,0,1,3,0.68,1,1,1,1,1
692,22,23,4,0,0,1,0.5015784,0.7115901,1,0.77,2.553697,0.6267834,4,6,5,0,0,1,5,-14.1875,0,1,4,0.77,1,1,1,1,1
693,22,24,1,1,1,1,,,1,0.38,2.721482,2.653877,7,,,0,0,1,36,16.8125,0,1,1,0.38,1,0,1,,
694,22,25,2,1,1,1,,,,,,,,,,1,0,,11,-8.1875,0,0,2,-5.02,1,0,1,,
695,22,26,3,1,1,1,0.0647595,0.424034,1,0.36,3.508332,2.683242,7,7,4,0,0,1,12,-7.1875,0,1,3,0.36,1,1,1,1,1
696,22,27,4,1,1,1,,0.3080987,1,,2.622798,3.112382,7,7,4,0,1,1,19,-0.1875,0,1,4,-0.06,1,0,1,0,1
697,22,28,1,0,1,1,,,1,0.72,2.531487,0.6609176,6,,,0,0,1,22,2.8125,0,1,1,0.72,1,1,1,,
698,22,29,2,0,1,1,0.0198207,0.5111026,1,0.11,2.721945,0.97732,6,4,4,0,0,1,16,-3.1875,0,1,2,0.11,1,1,1,1,1
699,22,30,3,0,1,1,,0.1340034,1,0.07,2.776612,0.9689051,7,6,4,0,0,1,27,7.8125,0,1,3,0.07,1,0,1,0,1
700,22,31,4,0,1,1,,,,,,,,,,1,0,,29,9.8125,0,0,4,-5.02,1,0,1,,
701,23,0,1,1,0,0,,,,,,,,,,1,0,,16,-1.25,0,0,1,-5.02,1,0,0,,
702,23,1,2,1,0,0,0.1124757,0.04380199,1,0.27,2.497906,2.892529,7,7,7,0,0,1,27,9.75,0,1,2,0.27,1,1,1,1,1
703,23,2,3,1,0,0,0.3117712,,1,0.92,2.428051,2.447043,7,7,7,0,0,1,1,-16.25,0,1,3,0.92,1,1,0,1,0
704,23,3,4,1,0,0,0.15811209,,1,1.05,2.319268,2.384724,7,7,7,0,0,1,2,-15.25,0,1,4,1.05,1,1,0,1,0
705,23,4,1,0,0,0,,,0,,,,,,,0,1,0,5,-12.25,0,0,1,0,0,1,0,,
706,23,5,2,0,0,0,,,1,0.51,2.266643,0.8552594,5,7,7,0,0,1,12,-5.25,0,1,2,0.51,1,0,0,0,0
707,23,6,3,0,0,0,0,0.1516226,1,0.07,2.734337,0.9039749,6,7,6,0,0,1,29,11.75,0,1,3,0.07,1,0,1,0,1
708,23,7,4,0,0,0,0,,1,0.91,1.932463,0.8147634,5,7,7,0,0,1,7,-10.25,0,1,4,0.91,1,0,0,0,0
709,23,8,1,1,1,0,,,1,,2.287531,3.705937,6,,,0,1,1,18,0.75,0,1,1,-0.38,1,0,0,,
710,23,9,2,1,1,0,,,1,,3.711708,2.769723,7,7,7,0,1,1,14,-3.25,0,1,2,-0.78,1,0,0,0,0
711,23,10,3,1,1,0,0.0219039,0,1,0.77,2.154973,2.737921,7,7,7,0,0,1,25,7.75,0,1,3,0.77,1,1,0,1,0
712,23,11,4,1,1,0,,0.1077256,1,,2.162254,3.27253,7,7,5,0,1,1,28,10.75,0,1,4,-0.32,1,0,1,0,1
713,23,12,1,0,1,0,,,0,,,,,,,0,1,0,6,-11.25,0,0,1,0,0,1,0,,
714,23,13,2,0,1,0,,,1,0.58,2.011874,1.030429,6,7,7,0,0,1,11,-6.25,0,1,2,0.58,1,0,0,0,0
715,23,14,3,0,1,0,,,,,,,,,,1,0,,10,-7.25,0,0,3,-5.02,1,1,1,,
716,23,15,4,0,1,0,0.0214248,0,1,0.73,1.810184,0.9982873,5,7,7,0,0,1,23,5.75,0,1,4,0.73,1,1,0,1,0
717,23,16,1,1,0,1,,,,,,,,,,1,0,,9,-8.25,0,0,1,-5.02,0,0,0,,
718,23,17,2,1,0,1,0,0,1,0.8,2.443542,2.479471,7,7,6,0,0,1,4,-13.25,0,1,2,0.8,1,0,0,0,0
719,23,18,3,1,0,1,0,,1,1.2,2.340143,2.131642,7,7,6,0,0,1,3,-14.25,0,1,3,1.2,1,0,0,0,0
720,23,19,4,1,0,1,0.0885,0.3676918,1,0.69,2.330837,2.664629,7,7,7,0,0,1,34,16.75,0,1,4,0.69,1,1,1,1,1
721,23,20,1,0,0,1,,,1,0.53,1.881198,1.099213,6,,,0,0,1,24,6.75,0,1,1,0.53,1,0,0,,
722,23,21,2,0,0,1,,,0,,,,,,,0,0,0,8,-9.25,0,0,2,5.35,0,1,0,1,
723,23,22,3,0,0,1,,,1,,2.010864,1.431173,7,7,6,0,1,1,20,2.75,0,1,3,-0.14,1,0,0,0,0
724,23,23,4,0,0,1,,0.066078,1,,2.532142,1.139572,5,7,6,0,1,1,26,8.75,0,1,4,-0.24,1,0,1,0,1
725,23,24,1,1,1,1,,,1,0.49,1.753554,3.31349,7,,,0,0,1,32,14.75,0,1,1,0.49,1,1,1,,
726,23,25,2,1,1,1,0.0448107,0.02190619,1,0.49,2.386881,2.786266,7,7,7,0,0,1,19,1.75,0,1,2,0.49,1,1,1,1,1
727,23,26,3,1,1,1,0.2667309,0.020043,1,0.76,1.960415,2.973055,6,7,7,0,0,1,30,12.75,0,1,3,0.76,1,1,1,1,1
728,23,27,4,1,1,1,0.0478509,0.0270955,1,0.79,2.033721,2.752982,7,7,7,0,0,1,17,-0.25,0,1,4,0.79,1,1,1,1,1
729,23,28,1,0,1,1,,,0,,,,,,,0,1,0,15,-2.25,0,0,1,0,0,1,0,,
730,23,29,2,0,1,1,,,1,,2.259253,1.299421,7,7,6,0,1,1,13,-4.25,0,1,2,-0.06,1,0,0,0,0
731,23,30,3,0,1,1,0.0695471,0.2842269,1,0.73,2.087747,0.9121126,6,7,7,0,0,1,31,13.75,0,1,3,0.73,1,1,1,1,1
732,23,31,4,0,1,1,,0.1360351,1,0.02,1.789902,1.466368,6,7,5,0,0,1,33,15.75,0,1,4,0.02,1,0,1,0,1
733,24,0,1,1,0,0,,,1,1.35,1.89738,2.398918,4,,,0,0,1,27,9.25,0,1,1,1.35,1,1,1,,
734,24,1,2,1,0,0,0.2644488,0.231509,1,1.15,2.253076,2.231208,4,4,4,0,0,1,3,-14.75,0,1,2,1.15,1,1,1,1,1
735,24,2,3,1,0,0,0.0890787,0.1303362,1,1,2.15229,2.55498,4,6,6,0,0,1,7,-10.75,0,1,3,1,1,1,1,1,1
736,24,3,4,1,0,0,,0.6840258,1,,2.220233,3.541395,6,7,5,0,1,1,25,7.25,0,1,4,-0.16,1,0,1,0,1
737,24,4,1,0,0,0,,,0,,,,,,,0,1,0,10,-7.75,0,0,1,0,0,1,0,,
738,24,5,2,0,0,0,,,,,,,,,,1,0,,30,12.25,0,0,2,-5.02,1,1,1,,
739,24,6,3,0,0,0,0.545224,0.1098518,1,0.48,2.009347,1.058115,5,5,6,0,0,1,31,13.25,0,1,3,0.48,1,1,1,1,1
740,24,7,4,0,0,0,0.9118734,0.4445079,1,1.38,1.920163,0.5831402,4,7,6,0,0,1,15,-2.75,0,1,4,1.38,1,1,1,1,1
741,24,8,1,1,1,0,,,1,,2.110073,3.663037,3,,,0,1,1,14,-3.75,0,1,1,-0.04,1,0,0,,
742,24,9,2,1,1,0,,,,,,,,,,1,0,,12,-5.75,0,0,2,-2.5,1,0,0,,
743,24,10,3,1,1,0,,0.3886866,1,,1.855402,3.327481,5,5,5,0,1,1,33,15.25,0,1,3,-0.04,1,1,1,1,1
744,24,11,4,1,1,0,,0.091169,1,0.09,2.198719,3.488939,4,7,7,0,0,1,2,-15.75,0,1,4,0.09,1,0,1,0,1
745,24,12,1,0,1,0,,,0,,,,,,,0,1,0,18,0.25,0,0,1,0,0,1,0,,
746,24,13,2,0,1,0,,,,,,,,,,1,0,,21,3.25,0,0,2,-5.02,1,0,1,,
747,24,14,3,0,1,0,0.6408091,0.0935951,1,1.18,1.821287,0.7615895,4,5,6,0,0,1,23,5.25,0,1,3,1.18,1,1,1,1,1
748,24,15,4,0,1,0,,0.5788387,1,,1.998794,1.361636,6,5,6,0,1,1,16,-1.75,0,1,4,0,1,1,1,1,1
749,24,16,1,1,0,1,,,1,2,1.909723,1.734513,5,,,0,0,1,32,14.25,0,1,1,2,1,1,1,,
750,24,17,2,1,0,1,0.0442162,0,1,0.9,1.9781,2.780541,4,4,6,0,0,1,28,10.25,0,1,2,0.9,1,1,0,1,0
751,24,18,3,1,0,1,0.0432935,0.3101248,1,0.09,1.776076,3.432057,5,6,5,0,0,1,29,11.25,0,1,3,0.09,1,1,1,1,1
752,24,19,4,1,0,1,0.0907646,0.0413141,1,0.93,2.134151,2.582984,5,6,6,0,0,1,5,-12.75,0,1,4,0.93,1,1,1,1,1
753,24,20,1,0,0,1,,,0,,,,,,,0,1,0,11,-6.75,0,0,1,0,0,0,0,,
754,24,21,2,0,0,1,0.5554899,0.0259126,1,1.04,1.887768,0.7314903,5,5,5,0,0,1,24,6.25,0,1,2,1.04,1,1,1,1,1
755,24,22,3,0,0,1,0.156218,0.4660094,1,1.4,1.865686,0.5379451,4,5,7,0,0,1,13,-4.75,0,1,3,1.4,1,1,1,1,1
756,24,23,4,0,0,1,0.08874411,0.183334,1,0.09,1.983534,1.331818,5,4,5,0,0,1,20,2.25,0,1,4,0.09,1,1,1,1,1
757,24,24,1,1,1,1,,,1,0.02,2.221222,3.481403,3,,,0,0,1,9,-8.75,0,1,1,0.02,1,1,1,,
758,24,25,2,1,1,1,0.1576278,0,1,0.11,2.069515,3.581628,4,3,3,0,0,1,8,-9.75,0,1,2,0.11,1,1,0,1,0
759,24,26,3,1,1,1,1.0634082,0.2455125,1,1.82,2.045105,1.78002,5,5,7,0,0,1,22,4.25,0,1,3,1.82,1,1,1,1,1
760,24,27,4,1,1,1,0.6451187,0.1138869,1,1.02,1.866415,2.698857,5,7,7,0,0,1,34,16.25,0,1,4,1.02,1,1,1,1,1
761,24,28,1,0,1,1,,,0,,,,,,,0,1,0,17,-0.75,0,0,1,0,0,0,0,,
762,24,29,2,0,1,1,0.3133792,0.3083074,1,0.84,2.110938,0.8514268,4,4,4,0,0,1,6,-11.75,0,1,2,0.84,1,1,1,1,1
763,24,30,3,0,1,1,0.4804432,0.3547667,1,1.14,2.043739,0.7256998,4,5,6,0,0,1,4,-13.75,0,1,3,1.14,1,1,1,1,1
764,24,31,4,0,1,1,0.3148927,,1,1.27,1.777764,0.7234294,4,5,5,0,0,1,19,1.25,0,1,4,1.27,1,1,0,1,0
765,25,0,1,1,0,0,,,1,2.13,2.445708,1.127175,7,,,0,0,1,18,-0.5,0,1,1,2.13,1,1,1,,
766,25,1,2,1,0,0,0.1975112,0.0841061,1,0.8,2.777754,2.24167,7,7,7,0,0,1,9,-9.5,0,1,2,0.8,1,1,1,1,1
767,25,2,3,1,0,0,0.3557093,0.3755439,1,0.98,2.683746,2.06654,7,7,7,0,0,1,33,14.5,0,1,3,0.98,1,1,1,1,1
768,25,3,4,1,0,0,0.4687708,0.1452493,1,1,2.615957,2.171502,7,7,7,0,0,1,22,3.5,0,1,4,1,1,1,1,1,1
769,25,4,1,0,0,0,,,0,,,,,,,0,1,0,32,13.5,0,0,1,0,0,1,0,,
770,25,5,2,0,0,0,0.31552719,0.0419458,1,1.11,2.48632,0.2922425,6,7,7,0,0,1,28,9.5,0,1,2,1.11,1,1,1,1,1
771,25,6,3,0,0,0,0.5316588,,1,1.33,2.423834,0.1278172,6,7,7,0,0,1,6,-12.5,0,1,3,1.33,1,1,0,1,0
772,25,7,4,0,0,0,,,0,,,,,,,0,1,0,3,-15.5,0,0,4,0,0,1,0,1,
773,25,8,1,1,1,0,,,1,2.24,2.77858,0.8492835,7,,,0,0,1,16,-2.5,0,1,1,2.24,1,1,1,,
774,25,9,2,1,1,0,0,0.1889559,1,0.77,2.274838,2.652263,7,7,7,0,0,1,11,-7.5,0,1,2,0.77,1,0,1,0,1
775,25,10,3,1,1,0,,0.4570131,1,0.02,2.351421,3.285942,7,7,6,0,0,1,23,4.5,0,1,3,0.02,1,0,1,0,1
776,25,11,4,1,1,0,0.4212765,0,1,0.84,2.488554,2.362802,7,7,7,0,0,1,17,-1.5,0,1,4,0.84,1,1,0,1,0
777,25,12,1,0,1,0,,,,,,,,,,1,0,,19,0.5,0,0,1,-2.48,1,0,0,,
778,25,13,2,0,1,0,,,0,,,,,,,0,1,0,7,-11.5,0,0,2,0,0,1,0,1,
779,25,14,3,0,1,0,0.5993312,0,1,1.11,2.090002,0.5927711,6,7,7,0,0,1,34,15.5,0,1,3,1.11,1,1,0,1,0
780,25,15,4,0,1,0,0,,1,0.84,2.247084,0.708343,7,7,7,0,0,1,31,12.5,0,1,4,0.84,1,0,0,0,0
781,25,16,1,1,0,1,,,1,1.93,2.66517,1.087765,7,,,0,0,1,27,8.5,0,1,1,1.93,1,1,1,,
782,25,17,2,1,0,1,0,0.0851345,1,0.8,2.718274,2.260804,7,7,7,0,0,1,15,-3.5,0,1,2,0.8,1,0,1,0,1
783,25,18,3,1,0,1,0.4916985,0.280935,1,1,2.558946,2.218815,7,7,7,0,0,1,21,2.5,0,1,3,1,1,1,1,1,1
784,25,19,4,1,0,1,0.0662799,0.2861751,1,0.76,2.528275,2.4182,7,7,7,0,0,1,13,-5.5,0,1,4,0.76,1,1,1,1,1
785,25,20,1,0,0,1,,,0,,,,,,,0,1,0,30,11.5,0,0,1,0,0,1,0,,
786,25,21,2,0,0,1,,0.6742529,1,,2.650313,1.065625,7,7,7,0,1,1,25,6.5,0,1,2,-0.04,1,0,1,0,1
787,25,22,3,0,0,1,0.0449928,0.1234541,1,0.84,2.246004,0.6786754,7,7,7,0,0,1,24,5.5,0,1,3,0.84,1,1,1,1,1
788,25,23,4,0,0,1,0,0.12930419,1,0.91,2.254255,0.661293,7,7,7,0,0,1,10,-8.5,0,1,4,0.91,1,0,1,0,1
789,25,24,1,1,1,1,,,1,1.56,2.465699,1.688983,7,,,0,0,1,20,1.5,0,1,1,1.56,1,1,1,,
790,25,25,2,1,1,1,0.4706044,0.1988755,1,0.79,2.514318,2.389938,7,7,7,0,0,1,29,10.5,0,1,2,0.79,1,1,1,1,1
791,25,26,3,1,1,1,0.0658081,0.2454467,1,0.94,2.802356,1.992348,7,7,7,0,0,1,5,-13.5,0,1,3,0.94,1,1,1,1,1
792,25,27,4,1,1,1,0,0.06688381,1,0.71,2.569543,2.454766,7,7,7,0,0,1,14,-4.5,0,1,4,0.71,1,0,1,0,1
793,25,28,1,0,1,1,,,0,,,,,,,0,1,0,4,-14.5,0,0,1,0,0,1,0,,
794,25,29,2,0,1,1,0.3202529,0.214084,1,0.7,2.381426,0.6730868,7,7,7,0,0,1,26,7.5,0,1,2,0.7,1,1,1,1,1
795,25,30,3,0,1,1,,,0,,,,,,,0,0,0,12,-6.5,0,0,3,5.16,0,1,0,1,
796,25,31,4,0,1,1,0.5949226,,1,0.88,2.401835,0.6223636,7,7,7,0,0,1,8,-10.5,0,1,4,0.88,1,1,0,1,0
797,26,0,1,1,0,0,,,1,2.27,2.647021,0.8571435,7,,,0,0,1,15,-5.09375,0,1,1,2.27,1,0,1,,
798,26,1,2,1,0,0,0.0911685,,1,0.95,2.666335,2.14077,7,7,7,0,0,1,29,8.90625,0,1,2,0.95,1,1,0,1,0
799,26,2,3,1,0,0,0,,1,1,2.573977,2.19714,7,7,7,0,0,1,31,10.90625,0,1,3,1,1,0,0,0,0
800,26,3,4,1,0,0,0.6892501,,1,1.49,2.896035,1.447867,7,7,7,0,0,1,7,-13.09375,0,1,4,1.49,1,1,0,1,0
801,26,4,1,0,0,0,,,0,,,,,,,0,0,0,18,-2.09375,0,0,1,5.11,0,0,0,,
802,26,5,2,0,0,0,0.4440599,,1,0.84,2.592017,0.5000256,7,7,7,0,0,1,32,11.90625,0,1,2,0.84,1,1,0,1,0
803,26,6,3,0,0,0,0.2330058,0,1,1.1,2.580075,0.2881083,7,7,7,0,0,1,35,14.90625,0,1,3,1.1,1,1,0,1,0
804,26,7,4,0,0,0,0.1988761,,1,1.2,2.517672,0.3081364,7,7,7,0,0,1,17,-3.09375,0,1,4,1.2,1,1,0,1,0
805,26,8,1,1,1,0,,,1,2.06,2.805253,0.897936,7,,,0,0,1,33,12.90625,0,1,1,2.06,1,1,1,,
806,26,9,2,1,1,0,0.220876,,1,1.11,2.640985,2.017734,7,7,7,0,0,1,25,4.90625,0,1,2,1.11,1,1,0,1,0
807,26,10,3,1,1,0,0.2421495,,1,1.32,2.640261,1.855145,5,7,7,0,0,1,22,1.90625,0,1,3,1.32,1,1,0,1,0
808,26,11,4,1,1,0,0.3812811,,1,1.02,2.638548,2.130242,7,7,7,0,0,1,23,2.90625,0,1,4,1.02,1,1,0,1,0
809,26,12,1,0,1,0,,,0,,,,,,,0,0,0,10,-10.09375,0,0,1,5.06,0,1,0,,
810,26,13,2,0,1,0,0.1137102,,1,0.89,2.554012,0.5413692,7,7,7,0,0,1,28,7.90625,0,1,2,0.89,1,1,0,1,0
811,26,14,3,0,1,0,0.474883,0.1785234,1,1.2,2.709659,0.2537077,7,7,7,0,0,1,24,3.90625,0,1,3,1.2,1,1,1,1,1
812,26,15,4,0,1,0,0.5529706,0.3550835,1,1.27,2.654882,0.1747298,7,7,7,0,0,1,16,-4.09375,0,1,4,1.27,1,1,1,1,1
813,26,16,1,1,0,1,,,1,2.55,2.67021,0.4791152,7,,,0,0,1,30,9.90625,0,1,1,2.55,1,1,1,,
814,26,17,2,1,0,1,0.3970293,,1,1.1,2.5856,2.083324,7,7,7,0,0,1,20,-0.09375,0,1,2,1.1,1,1,0,1,0
815,26,18,3,1,0,1,0.3103668,,1,0.93,2.623052,2.199006,7,7,7,0,0,1,27,6.90625,0,1,3,0.93,1,1,0,1,0
816,26,19,4,1,0,1,0.6473989,,1,1.08,3.00743,1.694401,7,6,7,0,0,1,3,-17.09375,0,1,4,1.08,1,1,0,1,0
817,26,20,1,0,0,1,,,0,,,,,,,0,0,0,26,5.90625,0,0,1,4.93,0,1,0,,
818,26,21,2,0,0,1,0.5544079,0,1,0.89,2.746567,0.3835701,7,7,7,0,0,1,36,15.90625,0,1,2,0.89,1,1,0,1,0
819,26,22,3,0,0,1,0.4682313,0.3164609,-1,,,,,6,7,0,0,0,6,-14.09375,0,0,3,1.24,-1,1,1,1,1
820,26,23,4,0,0,1,0.1787023,0.1776341,-1,,,,,6,7,0,0,0,5,-15.09375,0,0,4,1.62,-1,1,1,1,1
821,26,24,1,1,1,1,,,1,2.4,2.63138,0.7344968,7,,,0,0,1,19,-1.09375,0,1,1,2.4,1,1,1,,
822,26,25,2,1,1,1,1.1988377,0,1,1.6,2.569036,1.618832,7,7,7,0,0,1,14,-6.09375,0,1,2,1.6,1,1,0,1,0
823,26,26,3,1,1,1,0.2201417,0.1739931,1,1.02,2.649018,2.103671,7,7,7,0,0,1,34,13.90625,0,1,3,1.02,1,1,1,1,1
824,26,27,4,1,1,1,0.2894713,0.0707446,1,1.8,2.514471,1.434145,7,7,7,0,0,1,13,-7.09375,0,1,4,1.8,1,1,1,1,1
825,26,28,1,0,1,1,,,0,,,,,,,0,1,0,8,-12.09375,0,0,1,0,0,0,0,,
826,26,29,2,0,1,1,0.3887077,0.6670867,1,1.11,2.657171,0.2966534,5,7,7,0,0,1,12,-8.09375,0,1,2,1.11,1,1,1,1,1
827,26,30,3,0,1,1,0.3362177,0.1780099,1,1.27,2.622037,0.1657721,7,7,7,0,0,1,21,0.90625,0,1,3,1.27,1,1,1,1,1
828,26,31,4,0,1,1,0.3990691,0.0229875,1,1.27,2.712631,0.1727703,6,7,7,0,0,1,4,-16.09375,0,1,4,1.27,1,1,1,1,1
